INSERT INTO team (id, abbreviation, city, conference, division, full_name, name)
VALUES (UUID('6df04b45-17f3-4933-8dc4-b8c1dfb7de35'), 'ATL', 'Atlanta', 'East', 'Southeast', 'Atlanta Hawks',
        'Hawks'),
       (UUID('e5f8cf4e-3b8e-4a8d-b87b-0a979abc72ea'), 'BOS', 'Boston', 'East', 'Atlantic', 'Boston Celtics',
        'Celtics'),
       (UUID('79364d9c-0481-42b3-8570-1264fc04b737'), 'BKN', 'Brooklyn', 'East', 'Atlantic', 'Brooklyn Nets',
        'Nets'),
       (UUID('9c3ae678-92cf-4c89-8cf5-e3e292eb0f62'), 'CHA', 'Charlotte', 'East', 'Southeast',
        'Charlotte Hornets',
        'Hornets'),
       (UUID('5bc405c8-d25b-4b37-b0f5-35e57ebf64fd'), 'CHI', 'Chicago', 'East', 'Central', 'Chicago Bulls',
        'Bulls'),
       (UUID('af98cc5a-09d6-4af4-bdd3-8b3cdcc23060'), 'CLE', 'Cleveland', 'East', 'Central',
        'Cleveland Cavaliers',
        'Cavaliers'),
       (UUID('a0a384d6-eabe-4b13-8fd0-d0d214e1f17b'), 'DAL', 'Dallas', 'West', 'Southwest', 'Dallas Mavericks',
        'Mavericks'),
       (UUID('0f582856-03dc-46d7-a329-02c9829fd3e0'), 'DEN', 'Denver', 'West', 'Northwest', 'Denver Nuggets',
        'Nuggets'),
       (UUID('2038b508-869b-4568-8bde-b9dece3383a5'), 'DET', 'Detroit', 'East', 'Central', 'Detroit Pistons',
        'Pistons'),
       (UUID('f0e3b5b7-18f0-4e1b-a891-e72d4ccbe501'), 'GSW', 'Golden State', 'West', 'Pacific',
        'Golden State Warriors',
        'Warriors'),
       (UUID('7e9ef8b7-b7da-4084-aaf7-e73aa3ec7854'), 'HOU', 'Houston', 'West', 'Southwest', 'Houston Rockets',
        'Rockets'),
       (UUID('2a37bb15-9404-4d3e-921d-930e03c5ad9c'), 'IND', 'Indiana', 'East', 'Central', 'Indiana Pacers',
        'Pacers'),
       (UUID('4dd8f144-2cc0-4916-9cb1-44adf9a0481c'), 'LAC', 'LA', 'West', 'Pacific', 'LA Clippers', 'Clippers'),
       (UUID('99bc7e2c-38fd-4eb8-987f-33c1b453dbf2'), 'LAL', 'Los Angeles', 'West', 'Pacific',
        'Los Angeles Lakers',
        'Lakers'),
       (UUID('3435c1a7-157f-488e-881d-3f4d65c7398e'), 'MEM', 'Memphis', 'West', 'Southwest', 'Memphis Grizzlies',
        'Grizzlies'),
       (UUID('a6b23d5e-3f64-49f8-803c-cd7ad4e1c4c4'), 'MIA', 'Miami', 'East', 'Southeast', 'Miami Heat', 'Heat'),
       (UUID('59f45da4-31a6-44c7-ae84-3c7e7a1ea177'), 'MIL', 'Milwaukee', 'East', 'Central', 'Milwaukee Bucks',
        'Bucks'),
       (UUID('89f235d4-2d67-4d69-925e-b104ac20e8d6'), 'MIN', 'Minnesota', 'West', 'Northwest',
        'Minnesota Timberwolves',
        'Timberwolves'),
       (UUID('2f5fa9e8-4474-4629-b2d1-d17e50326d37'), 'NOP', 'New Orleans', 'West', 'Southwest',
        'New Orleans Pelicans',
        'Pelicans'),
       (UUID('ad681fed-295d-4f29-81bb-9f30bd36f9d5'), 'NYK', 'New York', 'East', 'Atlantic', 'New York Knicks',
        'Knicks'),
       (UUID('e5a54e96-6d75-46e6-b662-e3b6ef8d1778'), 'OKC', 'Oklahoma City', 'West', 'Northwest',
        'Oklahoma City Thunder',
        'Thunder'),
       (UUID('f3ac2c16-1523-4746-a15d-6de71b90b779'), 'ORL', 'Orlando', 'East', 'Southeast', 'Orlando Magic',
        'Magic'),
       (UUID('a5fb4f5b-d302-4094-8a5b-d6fc7eaf83f6'), 'PHI', 'Philadelphia', 'East', 'Atlantic',
        'Philadelphia 76ers',
        '76ers'),
       (UUID('d9e15f58-1dd2-40aa-8400-dc7cd22ecf1e'), 'PHX', 'Phoenix', 'West', 'Pacific', 'Phoenix Suns',
        'Suns'),
       (UUID('76b5fcb5-8361-49f3-b9b7-d11290c97922'), 'POR', 'Portland', 'West', 'Northwest',
        'Portland Trail Blazers',
        'Trail Blazers'),
       (UUID('fc87c64d-99c5-4e2e-b680-c86d43102c04'), 'SAC', 'Sacramento', 'West', 'Pacific', 'Sacramento Kings',
        'Kings'),
       (UUID('a7e05367-3649-48ea-b6be-87efea59f1d5'), 'SAS', 'San Antonio', 'West', 'Southwest',
        'San Antonio Spurs',
        'Spurs'),
       (UUID('b3c526f6-b2fb-49b7-9ac1-3d486e3e8dc8'), 'TOR', 'Toronto', 'East', 'Atlantic', 'Toronto Raptors',
        'Raptors'),
       (UUID('9f9875b4-8326-40b3-802c-e8bd127ad1d7'), 'UTA', 'Utah', 'West', 'Northwest', 'Utah Jazz', 'Jazz'),
       (UUID('ef3742fc-79e5-4040-b3fd-9a27f55ed90b'), 'WAS', 'Washington', 'East', 'Southeast',
        'Washington Wizards',
        'Wizards');

INSERT INTO player (first_name, last_name, position, height, weight, jersey_number, college, country, draft_year, draft_round, draft_number, team_id)
VALUES
('Trae', 'Young', 'PG', '6-1', '164', 11, 'Oklahoma', 'USA', 2018, 1, 5, UUID('6df04b45-17f3-4933-8dc4-b8c1dfb7de35')),

('Dejounte', 'Murray', 'SG', '6-4', '180', 5, 'Washington', 'USA', 2016, 1, 29, UUID('6df04b45-17f3-4933-8dc4-b8c1dfb7de35')),

('Clint', 'Capela', 'C', '6-10', '240', 15, 'None', 'Switzerland', 2014, 1, 25, UUID('6df04b45-17f3-4933-8dc4-b8c1dfb7de35')),

('John', 'Collins', 'PF', '6-9', '226', 20, 'Wake Forest', 'USA', 2017, 1, 19, UUID('6df04b45-17f3-4933-8dc4-b8c1dfb7de35')),

('De’Andre', 'Hunter', 'SF', '6-8', '225', 12, 'Virginia', 'USA', 2019, 1, 4, UUID('6df04b45-17f3-4933-8dc4-b8c1dfb7de35')),

('Bogdan', 'Bogdanović', 'SG', '6-6', '220', 13, 'Partizan', 'Serbia', 2014, 1, 27, UUID('6df04b45-17f3-4933-8dc4-b8c1dfb7de35')),

('Onyeka', 'Okongwu', 'C', '6-8', '235', 17, 'USC', 'USA', 2020, 1, 6, UUID('6df04b45-17f3-4933-8dc4-b8c1dfb7de35')),

('AJ', 'Griffin', 'SF', '6-6', '220', 14, 'Duke', 'USA', 2022, 1, 16, UUID('6df04b45-17f3-4933-8dc4-b8c1dfb7de35')),

('Saddiq', 'Bey', 'SF', '6-7', '215', 41, 'Villanova', 'USA', 2020, 1, 19, UUID('6df04b45-17f3-4933-8dc4-b8c1dfb7de35')),

('Jalen', 'Johnson', 'PF', '6-9', '219', 1, 'Duke', 'USA', 2021, 1, 20, UUID('6df04b45-17f3-4933-8dc4-b8c1dfb7de35')),

('Jayson', 'Tatum', 'SF', '6-8', '224', 0, 'Duke', 'USA', 2017, 1, 3, UUID('e5f8cf4e-3b8e-4a8d-b87b-0a979abc72ea')),

('Jaylen', 'Brown', 'SF', '6-6', '237', 7, 'California', 'USA', 2016, 1, 3, UUID('e5f8cf4e-3b8e-4a8d-b87b-0a979abc72ea')),

('Kristaps', 'Porzingis', 'PF', '7-3', '240', 8, '-', 'Latvia', 2015, 1, 4, UUID('e5f8cf4e-3b8e-4a8d-b87b-0a979abc72ea')),

('Jrue', 'Holiday', 'PG', '6-5', '223', 4, 'UCLA', 'USA', 2009, 1, 17, UUID('e5f8cf4e-3b8e-4a8d-b87b-0a979abc72ea')),

('Al', 'Horford', 'C', '6-9', '246', 42, 'Florida', 'Dominican Republic', 2007, 1, 3, UUID('e5f8cf4e-3b8e-4a8d-b87b-0a979abc72ea')),

('Derrick', 'White', 'SG', '6-4', '200', 9, 'Colorado', 'USA', 2017, 1, 29, UUID('e5f8cf4e-3b8e-4a8d-b87b-0a979abc72ea')),

('Sam', 'Hauser', 'PF', '6-8', '221', 30, 'Virginia', 'USA', 2021, 0, 0, UUID('e5f8cf4e-3b8e-4a8d-b87b-0a979abc72ea')),

('Payton', 'Pritchard', 'SG', '6-2', '211', 11, 'Oregon', 'USA', 2020, 1, 26, UUID('e5f8cf4e-3b8e-4a8d-b87b-0a979abc72ea')),

('Luke', 'Kornet', 'C', '7-2', '255', 40, 'Vanderbilt', 'USA', 2017, 0, 0, UUID('e5f8cf4e-3b8e-4a8d-b87b-0a979abc72ea')),

('Neemias', 'Queta', 'C', '7-0', '260', 88, 'Utah State', 'Portugal', 2021, 2, 39, UUID('e5f8cf4e-3b8e-4a8d-b87b-0a979abc72ea')),

('Mikal', 'Bridges', 'SF', '6-6', '209', 1, 'Villanova', 'USA', 2018, 1, 10, UUID('79364d9c-0481-42b3-8570-1264fc04b737')),

('Nic', 'Claxton', 'C', '6-11', '215', 33, 'Georgia', 'USA', 2019, 2, 31, UUID('79364d9c-0481-42b3-8570-1264fc04b737')),

('Spencer', 'Dinwiddie', 'PG', '6-5', '215', 26, 'Colorado', 'USA', 2014, 2, 38, UUID('79364d9c-0481-42b3-8570-1264fc04b737')),

('Cameron', 'Johnson', 'PF', '6-8', '210', 2, 'North Carolina', 'USA', 2019, 1, 11, UUID('79364d9c-0481-42b3-8570-1264fc04b737')),

('DayRon', 'Sharpe', 'C', '6-9', '265', 20, 'North Carolina', 'USA', 2021, 1, 29, UUID('79364d9c-0481-42b3-8570-1264fc04b737')),

('Royce', 'ONeale', 'SF', '6-6', '226', 00, 'Baylor', 'USA', 2015, 0, 0, UUID('79364d9c-0481-42b3-8570-1264fc04b737')),

('Dorian', 'Finney-Smith', 'PF', '6-7', '220', 28, 'Florida', 'USA', 2016, 0, 0, UUID('79364d9c-0481-42b3-8570-1264fc04b737')),
('Dennis', 'Schröder', 'PG', '6-1', '175', 17, '-', 'Germany', 2013, 1, 17, UUID('79364d9c-0481-42b3-8570-1264fc04b737')),
('Noah', 'Clowney', 'PF', '6-9', '210', 21, 'Alabama', 'USA', 2023, 1, 21, UUID('79364d9c-0481-42b3-8570-1264fc04b737')),
('Ben', 'Simmons', 'G-F', '6-10', '240', 10, 'LSU', 'Australia', 2016, 1, 1, UUID('79364d9c-0481-42b3-8570-1264fc04b737')),
('Dariq', 'Whitehead', 'G-F', '6-6', '220', 0, 'Duke', 'USA', 2023, 1, 20, UUID('79364d9c-0481-42b3-8570-1264fc04b737')),
('Jalen', 'Wilson', 'F', '6-6', '230', 22, 'Kansas', 'USA', 2023, 2, 51, UUID('79364d9c-0481-42b3-8570-1264fc04b737')),
('LaMelo', 'Ball', 'PG', '6-7', '190', 1, 'Louisville', 'USA', 2020, 1, 3, UUID('9c3ae678-92cf-4c89-8cf5-e3e292eb0f62')),
('Terry', 'Rozier', 'SG', '6-1', '190', 3, 'Louisville', 'USA', 2015, 1, 16, UUID('9c3ae678-92cf-4c89-8cf5-e3e292eb0f62')),
('Gordon', 'Hayward', 'SF', '6-7', '225', 20, 'Butler', 'USA', 2010, 1, 9, UUID('9c3ae678-92cf-4c89-8cf5-e3e292eb0f62')),
('Brandon', 'Miller', 'SF', '6-9', '200', 24, 'Alabama', 'USA', 2023, 1, 2, UUID('9c3ae678-92cf-4c89-8cf5-e3e292eb0f62')),
('P.J.', 'Washington', 'PF', '6-7', '230', 25, 'Kentucky', 'USA', 2019, 1, 12, UUID('9c3ae678-92cf-4c89-8cf5-e3e292eb0f62')),
('Mark', 'Williams', 'C', '7-0', '240', 5, 'Duke', 'USA', 2022, 1, 15, UUID('9c3ae678-92cf-4c89-8cf5-e3e292eb0f62')),
('Nick', 'Richards', 'C', '7-0', '245', 14, 'Kentucky', 'Jamaica', 2020, 2, 42, UUID('9c3ae678-92cf-4c89-8cf5-e3e292eb0f62')),
('Miles', 'Bridges', 'SF', '6-6', '225', 0, 'Michigan State', 'USA', 2018, 1, 12, UUID('9c3ae678-92cf-4c89-8cf5-e3e292eb0f62')),
('Cody', 'Martin', 'SF', '6-6', '205', 11, 'Nevada', 'USA', 2019, 2, 36, UUID('9c3ae678-92cf-4c89-8cf5-e3e292eb0f62')),
('Frank', 'Ntilikina', 'PG', '6-4', '200', 8, 'Nevada', 'France', 2017, 1, 8, UUID('9c3ae678-92cf-4c89-8cf5-e3e292eb0f62')),
('Ish', 'Smith', 'PG', '6-0', '175', 15, 'Wake Forest', 'USA', 2010, 1, 8, UUID('9c3ae678-92cf-4c89-8cf5-e3e292eb0f62')),
('Kai', 'Jones', 'PF', '6-10', '221', 23, 'Texas', 'Bahamas', 2021, 1, 19, UUID('9c3ae678-92cf-4c89-8cf5-e3e292eb0f62')),
('Lonzo', 'Ball', 'PG', '6-6', 190, 2, 'UCLA', 'USA', 2017, 1, 2, UUID('5bc405c8-d25b-4b37-b0f5-35e57ebf64fd')),
('Jevon', 'Carter', 'PG', '6-1', 200, 5, 'West Virginia', 'USA', 2018, 2, 32, UUID('5bc405c8-d25b-4b37-b0f5-35e57ebf64fd')),
('Ayo', 'Dosunmu', 'SG', '6-5', 200, 11, 'Illinois', 'USA', 2021, 2, 38, UUID('5bc405c8-d25b-4b37-b0f5-35e57ebf64fd')),
('Zach', 'LaVine', 'SG', '6-5', 200, 8, 'UCLA', 'USA', 2014, 1, 13, UUID('5bc405c8-d25b-4b37-b0f5-35e57ebf64fd')),
('Patrick', 'Williams', 'PF', '6-7', 215, 44, 'Florida State', 'USA', 2020, 1, 4, UUID('5bc405c8-d25b-4b37-b0f5-35e57ebf64fd')),
('Nikola', 'Vucevic', 'C', '6-10', 260, 9, 'USC', 'Montenegro', 2011, 1, 16, UUID('5bc405c8-d25b-4b37-b0f5-35e57ebf64fd')),
('Torrey', 'Craig', 'SF', '6-5', 221, 13, 'USC Upstate', 'USA', 2014, 0, 0, UUID('5bc405c8-d25b-4b37-b0f5-35e57ebf64fd')),
('Coby', 'White', 'PG', '6-5', 195, 0, 'North Carolina', 'USA', 2019, 1, 7, UUID('5bc405c8-d25b-4b37-b0f5-35e57ebf64fd')),
('Matas', 'Buzelis', 'SF', '6-9', 197, 14, 'Sunrise Christian Academy', 'Lithuania', 2024, 1, 1, UUID('5bc405c8-d25b-4b37-b0f5-35e57ebf64fd')),
('Adama', 'Sanogo', 'C', '6-9', 245, 21, 'UConn', 'Mali', 2023, 0, 0, UUID('5bc405c8-d25b-4b37-b0f5-35e57ebf64fd')),
('Dalen', 'Terry', 'SG', '6-7', 195, 25, 'Arizona', 'USA', 2022, 1, 18, UUID('5bc405c8-d25b-4b37-b0f5-35e57ebf64fd')),
('Julian', 'Phillips', 'SF', '6-8', 198, 15, 'Tennessee', 'USA', 2023, 2, 35, UUID('5bc405c8-d25b-4b37-b0f5-35e57ebf64fd')),
('Darius', 'Garland', 'PG', 6.1, 192, 10, 'Vanderbilt', 'USA', 2019, 1, 5, UUID('af98cc5a-09d6-4af4-bdd3-8b3cdcc23060')),
('Ty', 'Jerome', 'SG', 6.5, 195, 2, 'Virginia', 'USA', 2019, 2, 24, UUID('af98cc5a-09d6-4af4-bdd3-8b3cdcc23060')),
('Caris', 'LeVert', 'SG', 6.6, 205, 3, 'Michigan', 'USA', 2016, 1, 20, UUID('af98cc5a-09d6-4af4-bdd3-8b3cdcc23060')),
('Donovan', 'Mitchell', 'SG', 6.3, 215, 45, 'Louisville', 'USA', 2017, 1, 13, UUID('af98cc5a-09d6-4af4-bdd3-8b3cdcc23060')),
('Isaac', 'Okoro', 'SG', 6.5, 225, 35, 'Auburn', 'USA', 2020, 1, 5, UUID('af98cc5a-09d6-4af4-bdd3-8b3cdcc23060')),
('Emoni', 'Bates', 'SF', 6.8, 170, 21, 'Eastern Michigan', 'USA', 2023, 2, 49, UUID('af98cc5a-09d6-4af4-bdd3-8b3cdcc23060')),
('Georges', 'Niang', 'PF', 6.7, 230, 20, 'Iowa State', 'USA', 2016, 2, 50, UUID('af98cc5a-09d6-4af4-bdd3-8b3cdcc23060')),
('Max', 'Strus', 'SF', 6.5, 215, 1, 'DePaul', 'USA', 2019, 2, 5, UUID('af98cc5a-09d6-4af4-bdd3-8b3cdcc23060')),
('Tristan', 'Thompson', 'PF', 6.9, 254, 13, 'Texas', 'Canada', 2011, 1, 4, UUID('af98cc5a-09d6-4af4-bdd3-8b3cdcc23060')),
('Dean', 'Wade', 'PF', 6.9, 228, 32, 'Kansas State', 'USA', 2019, 2, 12, UUID('af98cc5a-09d6-4af4-bdd3-8b3cdcc23060')),
('Jarrett', 'Allen', 'C', 6.9, 243, 31, 'Texas', 'USA', 2017, 1, 22, UUID('af98cc5a-09d6-4af4-bdd3-8b3cdcc23060')),
('Evan', 'Mobley', 'C', 6.11, 215, 4, 'USC', 'USA', 2021, 1, 3, UUID('af98cc5a-09d6-4af4-bdd3-8b3cdcc23060')),
('Luka', 'Dončić', 'PG', '6.7', 230, 77, 'Duke', 'Slovenia', 2018, 1, 3, UUID('a0a384d6-eabe-4b13-8fd0-d0d214e1f17b')),
('Kyrie', 'Irving', 'PG', '62', 191, 11, 'Duke', 'USA', 2011, 1, 1, UUID('a0a384d6-eabe-4b13-8fd0-d0d214e1f17b')),
('Spencer', 'Dinwiddie', 'PG', '65', 215, 26, 'Colorado', 'USA', 2014, 2, 38, UUID('a0a384d6-eabe-4b13-8fd0-d0d214e1f17b')),
('Dante', 'Exum', 'PG', '65', 214, 0, 'Lake Ginninderra (Australia)', 'Australia', 2014, 1, 5, UUID('a0a384d6-eabe-4b13-8fd0-d0d214e1f17b')),
('Jazian', 'Gortman', 'PG', '62', 184, 0, 'Keenan (SC) (HS)', 'USA', 2021, 1, 5, UUID('a0a384d6-eabe-4b13-8fd0-d0d214e1f17b')),
('Quentin', 'Grimes', 'SG', '65', 210, 5, 'Houston', 'USA', 2021, 1, 25, UUID('a0a384d6-eabe-4b13-8fd0-d0d214e1f17b')),
('Jaden', 'Hardy', 'SG', '64', 198, 1, 'Coronado (NV) (HS)', 'USA', 2022, 2, 37, UUID('a0a384d6-eabe-4b13-8fd0-d0d214e1f17b')),
('Kessler', 'Edwards', 'SF', '68', 215, 20, 'Pepperdine', 'USA', 2021, 2, 44, UUID('a0a384d6-eabe-4b13-8fd0-d0d214e1f17b')),
('Naji', 'Marshall', 'SF', '67', 225, 13, 'Xavier', 'USA', 2020, 2, 47, UUID('a0a384d6-eabe-4b13-8fd0-d0d214e1f17b')),
('Maxi', 'Kleber', 'PF', '610', 240, 42, 'Xavier', 'Germany', 2014, 2, 14, UUID('a0a384d6-eabe-4b13-8fd0-d0d214e1f17b')),
('Markieff', 'Morris', 'PF', '69', 245, 88, 'Kansas', 'USA', 2011, 1, 13, UUID('a0a384d6-eabe-4b13-8fd0-d0d214e1f17b')),
('Dwight', 'Powell', 'C', '610', 240, 7, 'Stanford', 'Canada', 2014, 2, 45, UUID('a0a384d6-eabe-4b13-8fd0-d0d214e1f17b')),
('Nikola', 'Jokić', 'C', '611', 284, 15, 'None', 'Serbia', 2014, 2, 41, UUID('0f582856-03dc-46d7-a329-02c9829fd3e0')),
('Jamal', 'Murray', 'PG', '64', 214, 27, 'Kentucky', 'Canada', 2016, 1, 7, UUID('0f582856-03dc-46d7-a329-02c9829fd3e0')),
('Michael', 'Porter Jr.', 'SF', '610', 218, 1, 'Missouri', 'USA', 2018, 1, 14, UUID('0f582856-03dc-46d7-a329-02c9829fd3e0')),
('Aaron', 'Gordon', 'PF', '68', 235, 50, 'Arizona', 'USA', 2014, 1, 4, UUID('0f582856-03dc-46d7-a329-02c9829fd3e0')),
('Kentavious', 'Caldwell-Pope', 'SG', '65', 210, 5, 'Georgia', 'USA', 2013, 1, 8, UUID('0f582856-03dc-46d7-a329-02c9829fd3e0')),
('Reggie', 'Jackson', 'PG', '63', 208, 15, 'Boston College', 'USA', 2011, 1, 24, UUID('0f582856-03dc-46d7-a329-02c9829fd3e0')),
('Bruce', 'Brown', 'SG', '64', 219, 11, 'Miami', 'USA', 2018, 2, 42, UUID('0f582856-03dc-46d7-a329-02c9829fd3e0')),
('Jeff', 'Green', 'PF', '68', 229, 32, 'Georgetown', 'USA', 2007, 1, 5, UUID('0f582856-03dc-46d7-a329-02c9829fd3e0')),
('Vlatko', 'Čančar', 'SF', '68', 209, 31, 'None', 'Slovenia', 2017, 2, 49, UUID('0f582856-03dc-46d7-a329-02c9829fd3e0')),
('Christian', 'Braun', 'SG', '66', 219, 0, 'Kansas', 'USA', 2022, 1, 21, UUID('0f582856-03dc-46d7-a329-02c9829fd3e0')),
('Peyton', 'Watson', 'SF', '68', 206, 0, 'UCLA', 'USA', 2023, 1, 30, UUID('0f582856-03dc-46d7-a329-02c9829fd3e0')),
('Jalen', 'Pickett', 'PG', '63', 200, 0, 'Penn State', 'USA', 2023, 2, 32, UUID('0f582856-03dc-46d7-a329-02c9829fd3e0')),
('Cade', 'Cunningham', 'PG', '66', 217, 2, 'Oklahoma State', 'USA', 2021, 1, 1, UUID('2038b508-869b-4568-8bde-b9dece3383a5')),
('Jaden', 'Ivey', 'SG', '64', 195, 23, 'Purdue', 'USA', 2022, 1, 5, UUID('2038b508-869b-4568-8bde-b9dece3383a5')),
('Isaiah', 'Stewart', 'PF', '69', 250, 28, 'Washington', 'USA', 2020, 1, 16, UUID('2038b508-869b-4568-8bde-b9dece3383a5')),
('Jalen', 'Duren', 'C', '69', 250, 0, 'Memphis', 'USA', 2022, 1, 13, UUID('2038b508-869b-4568-8bde-b9dece3383a5')),
('Marcus', 'Sasser', 'PG', '62', 195, 25, 'Houston', 'USA', 2023, 1, 25, UUID('2038b508-869b-4568-8bde-b9dece3383a5')),
('Malik', 'Beasley', 'SG', '64', 187, 5, 'Florida State', 'USA', 2016, 1, 19, UUID('2038b508-869b-4568-8bde-b9dece3383a5')),
('Alondes', 'Williams', 'PG', '64', 210, 15, 'Wake Forest', 'USA', 2021, 2, 51, UUID('2038b508-869b-4568-8bde-b9dece3383a5')),
('Ryan', 'Arcidiacono', 'PG', '63', 195, 51, 'Villanova', 'USA', 2016, 2, 38, UUID('2038b508-869b-4568-8bde-b9dece3383a5')),
('Troy', 'Brown Jr.', 'SF', '66', 219, 7, 'Oregon', 'USA', 2018, 2, 15, UUID('2038b508-869b-4568-8bde-b9dece3383a5')),
('Simone', 'Fontecchio', 'SF', '68', 210, 10, 'Real Madrid', 'Italy', 2022, 2, 24, UUID('2038b508-869b-4568-8bde-b9dece3383a5')),
('Paul', 'Reed', 'PF', '69', 210, 7, 'DePaul', 'USA', 2020, 2, 58, UUID('2038b508-869b-4568-8bde-b9dece3383a5')),
('Chimezie', 'Metu', 'C', '69', 225, 7, 'USC', 'Nigeria', 2019, 2, 49, UUID('2038b508-869b-4568-8bde-b9dece3383a5')),
('Stephen', 'Curry', 'PG', '63', 200, 30, 'Davidson', 'USA', 2009, 1, 7, UUID('f0e3b5b7-18f0-4e1b-a891-e72d4ccbe501')),
('Draymond', 'Green', 'PF', '66', 235, 23, 'Michigan State', 'USA', 2012, 2, 35, UUID('f0e3b5b7-18f0-4e1b-a891-e72d4ccbe501')),
('Andrew', 'Wiggins', 'SF', '67', 210, 22, 'Kansas', 'Canada', 2014, 1, 1, UUID('f0e3b5b7-18f0-4e1b-a891-e72d4ccbe501')),
('Klay', 'Thompson', 'SG', '66', 215, 11, 'Washington State', 'USA', 2011, 1, 11, UUID('f0e3b5b7-18f0-4e1b-a891-e72d4ccbe501')),
('Kevon', 'Looney', 'C', '69', 249, 5, 'UCLA', 'USA', 2015, 1, 30, UUID('f0e3b5b7-18f0-4e1b-a891-e72d4ccbe501')),
('Moses', 'Moody', 'SG', '65', 215, 4, 'Arkansas', 'USA', 2021, 1, 14, UUID('f0e3b5b7-18f0-4e1b-a891-e72d4ccbe501')),
('Jonathan', 'Kuminga', 'PF', '67', 225, 0, 'G-League Ignite', 'DR Congo', 2021, 1, 7, UUID('f0e3b5b7-18f0-4e1b-a891-e72d4ccbe501')),
('Gary', 'Payton II', 'PG', '62', 195, 0, 'Oregon State', 'USA', 2016, 2, 0, UUID('f0e3b5b7-18f0-4e1b-a891-e72d4ccbe501')),
('Chris', 'Paul', 'PG', '61', 175, 3, 'Wake Forest', 'USA', 2005, 1, 4, UUID('f0e3b5b7-18f0-4e1b-a891-e72d4ccbe501')),
('Brandin', 'Podziemski', 'SG', '64', 205, 2, 'Santa Clara', 'USA', 2023, 1, 19, UUID('f0e3b5b7-18f0-4e1b-a891-e72d4ccbe501')),
('Kevon', 'Looney', 'C', '69', 249, 5, 'UCLA', 'USA', 2015, 1, 30, UUID('f0e3b5b7-18f0-4e1b-a891-e72d4ccbe501')),
('Trace', 'Jackson-Davis', 'C', '69', 240, 32, 'Indiana', 'USA', 2024, 2, 57, UUID('f0e3b5b7-18f0-4e1b-a891-e72d4ccbe501')),
('Jalen', 'Green', 'SG', 6.4, 192, 0, 'G League Ignite', 'USA', 2021, 1, 2, UUID('7e9ef8b7-b7da-4084-aaf7-e73aa3ec7854')),
('Fred', 'VanVleet', 'PG', 6.0, 199, 23, 'Wichita State', 'USA', 2016, 2, 20, UUID('7e9ef8b7-b7da-4084-aaf7-e73aa3ec7854')),
('Alperen', 'Şengün', 'C', 6.11, 243, 28, 'Anadolu Efes', 'Turkey', 2021, 1, 16, UUID('7e9ef8b7-b7da-4084-aaf7-e73aa3ec7854')),
('Jabari', 'Smith Jr.', 'F', 6.11, 213, 1, 'Auburn', 'USA', 2022, 1, 3, UUID('7e9ef8b7-b7da-4084-aaf7-e73aa3ec7854')),
('Tari', 'Eason', 'SF', 6.8, 214, 17, 'LSU', 'USA', 2022, 1, 17, UUID('7e9ef8b7-b7da-4084-aaf7-e73aa3ec7854')),
('Jock', 'Landale', 'C', 6.11, 250, 7, 'St. Mary’s', 'Australia', 2022, 2, 28, UUID('7e9ef8b7-b7da-4084-aaf7-e73aa3ec7854')),
('Kevin', 'Porter Jr.', 'SG', 6.4, 204, 3, 'USC', 'USA', 2019, 1, 30, UUID('7e9ef8b7-b7da-4084-aaf7-e73aa3ec7854')),
('Jae’Sean', 'Tate', 'SF', 6.4, 229, 8, 'Ohio State', 'USA', 2020, 2, 1, UUID('7e9ef8b7-b7da-4084-aaf7-e73aa3ec7854')),
('Aaron', 'Holiday', 'PG', 6.0, 185, 0, 'UCLA', 'USA', 2018, 1, 23, UUID('7e9ef8b7-b7da-4084-aaf7-e73aa3ec7854')),
('Jeff', 'Green', 'PF', 6.8, 231, 35, 'Georgetown', 'USA', 2007, 1, 5, UUID('7e9ef8b7-b7da-4084-aaf7-e73aa3ec7854')),
('Reed', 'Sheppard', 'SG', 6.3, 200, 7, 'Kentucky', 'USA', 2024, 1, 11, UUID('7e9ef8b7-b7da-4084-aaf7-e73aa3ec7854')),
('Dillon', 'Brooks', 'SF', 6.7, 219, 24, 'Oregon', 'Canada', 2017, 2, 45, UUID('7e9ef8b7-b7da-4084-aaf7-e73aa3ec7854')),
('Bennedict', 'Mathurin', 'SG', 6.6, 210, 00, 'Arizona', 'Canada', 2022, 1, 6, UUID('2a37bb15-9404-4d3e-921d-930e03c5ad9c')),
('Ben', 'Sheppard', 'SG', 6.6, 190, 0, 'Belmont', 'USA', 2024, 1, 26, UUID('2a37bb15-9404-4d3e-921d-930e03c5ad9c')),
('Obi', 'Toppin', 'PF', 6.9, 220, 1, 'Dayton', 'USA', 2020, 1, 8, UUID('2a37bb15-9404-4d3e-921d-930e03c5ad9c')),
('T.J.', 'McConnell', 'PG', 6.1, 190, 9, 'Duquesne', 'USA', 2015, 2, 47, UUID('2a37bb15-9404-4d3e-921d-930e03c5ad9c')),
('Tristen', 'Newton', 'SG', 6.5, 190, 0, 'East Carolina', 'USA', 2024, 2, 40, UUID('2a37bb15-9404-4d3e-921d-930e03c5ad9c')),
('Andrew', 'Nembhard', 'SG', 6.5, 193, 2, 'Florida', 'Canada', 2022, 2, 31, UUID('2a37bb15-9404-4d3e-921d-930e03c5ad9c')),
('Jarace', 'Walker', 'PF', 6.8, 240, 0, 'Houston', 'USA', 2023, 1, 8, UUID('2a37bb15-9404-4d3e-921d-930e03c5ad9c')),
('Tyrese', 'Haliburton', 'PG', 6.5, 185, 0, 'Iowa State', 'USA', 2020, 1, 12, UUID('2a37bb15-9404-4d3e-921d-930e03c5ad9c')),
('Johnny', 'Furphy', 'SG', 6.8, 200, 0, 'Kansas', 'Australia', 2024, 1, 18, UUID('2a37bb15-9404-4d3e-921d-930e03c5ad9c')),
('Isaiah', 'Jackson', 'PF', 6.10, 206, 23, 'Kentucky', 'USA', 2021, 1, 22, UUID('2a37bb15-9404-4d3e-921d-930e03c5ad9c')),
('James', 'Wiseman', 'C', 7.0, 240, 13, 'Memphis', 'USA', 2020, 1, 2, UUID('2a37bb15-9404-4d3e-921d-930e03c5ad9c')),
('Myles', 'Turner', 'C', 6.11, 250, 33, 'Texas', 'USA', 2015, 1, 11, UUID('2a37bb15-9404-4d3e-921d-930e03c5ad9c')),
('Kawhi', 'Leonard', 'SF', 6.7, 225, 2, 'San Diego State', 'USA', 2011, 1, 15, UUID('4dd8f144-2cc0-4916-9cb1-44adf9a0481c')),
('James', 'Harden', 'SG', 6.5, 220, 13, 'Arizona State', 'USA', 2009, 1, 3, UUID('4dd8f144-2cc0-4916-9cb1-44adf9a0481c')),
('Ivica', 'Zubac', 'C', 7.0, 240, 40, 'None', 'Croatia', 2016, 2, 32, UUID('4dd8f144-2cc0-4916-9cb1-44adf9a0481c')),
('Terance', 'Mann', 'PG', 6.5, 215, 14, 'Florida State', 'USA', 2019, 2, 48, UUID('4dd8f144-2cc0-4916-9cb1-44adf9a0481c')),
('Norman', 'Powell', 'SG', 6.4, 215, 24, 'UCLA', 'USA', 2015, 1, 46, UUID('4dd8f144-2cc0-4916-9cb1-44adf9a0481c')),
('Nicolas', 'Batum', 'PF', 6.8, 230, 33, 'France', 'France', 2008, 1, 25, UUID('4dd8f144-2cc0-4916-9cb1-44adf9a0481c')),
('P.J.', 'Tucker', 'PF', 6.5, 250, 17, 'Texas', 'USA', 2006, 2, 35, UUID('4dd8f144-2cc0-4916-9cb1-44adf9a0481c')),
('Bones', 'Hyland', 'PG', 6.2, 169, 5, 'VCU', 'USA', 2021, 1, 26, UUID('4dd8f144-2cc0-4916-9cb1-44adf9a0481c')),
('Amir', 'Coffey', 'PF', 6.7, 210, 7, 'Minnesota', 'USA', 2019, 2, 48, UUID('4dd8f144-2cc0-4916-9cb1-44adf9a0481c')),
('Kevin', 'Porter Jr.', 'PG', 6.4, 203, 77, 'Southern California', 'USA', 2019, 1, 30, UUID('4dd8f144-2cc0-4916-9cb1-44adf9a0481c')),
('Mo', 'Bamba', 'C', 7.0, 231, 5, 'Memphis', 'USA', 2018, 1, 6, UUID('4dd8f144-2cc0-4916-9cb1-44adf9a0481c')),
('Derrick', 'Jones Jr.', 'SF', 6.6, 210, 5, 'DePaul', 'USA', 2016, 2, 45, UUID('4dd8f144-2cc0-4916-9cb1-44adf9a0481c')),
('Austin', 'Reaves', 'SG/SF', '6ft 5in', '206lb', '15', 'Oklahoma', 'USA', 2021, 2, 58, UUID('99bc7e2c-38fd-4eb8-987f-33c1b453dbf2')),
('DAngelo', 'Russell', 'PG', '6ft 3in', '200lb', '1', 'Ohio State', 'USA', 2015, 1, 2, UUID('99bc7e2c-38fd-4eb8-987f-33c1b453dbf2')),
('LeBron', 'James', 'SF/PF', '6ft 9in', '250lb', '6', 'None', 'USA', 2003, 1, 1, UUID('99bc7e2c-38fd-4eb8-987f-33c1b453dbf2')),
('Anthony', 'Davis', 'PF/C', '6ft 10in', '253lb', '3', 'Kentucky', 'USA', 2012, 1, 1, UUID('99bc7e2c-38fd-4eb8-987f-33c1b453dbf2')),
('Jarred', 'Vanderbilt', 'PF', '6ft 8in', '214lb', '2', 'Kentucky', 'USA', 2018, 2, 41, UUID('99bc7e2c-38fd-4eb8-987f-33c1b453dbf2')),
('Gabe', 'Vincent', 'PG', '6ft 2in', '195lb', '7', 'UC Santa Barbara', 'USA', 2020, 2, 47, UUID('99bc7e2c-38fd-4eb8-987f-33c1b453dbf2')),
('Christian', 'Wood', 'C/PF', '6ft 8in', '223lb', '35', 'UNLV', 'USA', 2015, 2, 31, UUID('99bc7e2c-38fd-4eb8-987f-33c1b453dbf2')),
('Cam', 'Reddish', 'SG/SF', '6ft 7in', '218lb', '5', 'Duke', 'USA', 2019, 1, 10, UUID('99bc7e2c-38fd-4eb8-987f-33c1b453dbf2')),
('Max', 'Christie', 'SG/SF', '6ft 5in', '206lb', '10', 'Michigan State', 'USA', 2022, 2, 35, UUID('99bc7e2c-38fd-4eb8-987f-33c1b453dbf2')),
('Rui', 'Hachimura', 'SF/PF', '6ft 8in', '250lb', '28', 'Gonzaga', 'Japan', 2019, 1, 9, UUID('99bc7e2c-38fd-4eb8-987f-33c1b453dbf2')),
('Jaxson', 'Hayes', 'C', '6ft 9in', '220lb', '13', 'Texas', 'USA', 2020, 1, 8, UUID('99bc7e2c-38fd-4eb8-987f-33c1b453dbf2')),
('Taurean', 'Prince', 'SF', '6ft 7in', '219lb', '6', 'Baylor', 'USA', 2016, 1, 12, UUID('99bc7e2c-38fd-4eb8-987f-33c1b453dbf2')),
('Santi', 'Aldama', 'PF', '70', 215, 7, 'None', 'Spain', 2022, 2, 55, UUID('3435c1a7-157f-488e-881d-3f4d65c7398e')),
('Timmy', 'Allen', 'SF', '66', 210, 28, 'Texas', 'USA', 2022, 2, 49, UUID('3435c1a7-157f-488e-881d-3f4d65c7398e')),
('Desmond', 'Bane', 'SG', '65', 215, 22, 'TCU', 'USA', 2020, 1, 30, UUID('3435c1a7-157f-488e-881d-3f4d65c7398e')),
('Brandon', 'Clarke', 'PF', '68', 215, 15, 'Gonzaga', 'Canada', 2019, 1, 21, UUID('3435c1a7-157f-488e-881d-3f4d65c7398e')),
('Jaren', 'Jackson Jr.', 'C', '610', 242, 13, 'Michigan State', 'USA', 2018, 1, 4, UUID('3435c1a7-157f-488e-881d-3f4d65c7398e')),
('Luke', 'Kennard', 'SG', '65', 206, 10, 'Duke', 'USA', 2017, 1, 12, UUID('3435c1a7-157f-488e-881d-3f4d65c7398e')),
('John', 'Konchar', 'SG', '65', 210, 46, 'Purdue Fort Wayne', 'USA', 2019, 2, 41, UUID('3435c1a7-157f-488e-881d-3f4d65c7398e')),
('Ja', 'Morant', 'PG', '62', 174, 12, 'Murray State', 'USA', 2019, 1, 2, UUID('3435c1a7-157f-488e-881d-3f4d65c7398e')),
('Kenneth', 'Lofton Jr.', 'PF', '66', 275, 46, 'Louisiana Tech', 'USA', 2022, 2, 43, UUID('3435c1a7-157f-488e-881d-3f4d65c7398e')),
('Jake', 'LaRavia', 'PF', '67', 235, 10, 'Wake Forest', 'USA', 2022, 1, 19, UUID('3435c1a7-157f-488e-881d-3f4d65c7398e')),
('Trey', 'Jemison', 'C', '610', 260, 42, 'Alabama-Birmingham', 'USA', 2022, 2, 50, UUID('3435c1a7-157f-488e-881d-3f4d65c7398e')),
('Bismack', 'Biyombo', 'C', '68', 255, 18, 'None', 'Congo', 2011, 1, 7, UUID('3435c1a7-157f-488e-881d-3f4d65c7398e')),
('Jimmy', 'Butler', 'SF', '67', '230 lbs', 22, 'Marquette', 'USA', 2011, 1, 30, UUID('a6b23d5e-3f64-49f8-803c-cd7ad4e1c4c4')),
('Tyler', 'Herro', 'SG', '65', '195 lbs', 14, 'Kentucky', 'USA', 2019, 1, 13, UUID('a6b23d5e-3f64-49f8-803c-cd7ad4e1c4c4')),
('Bam', 'Adebayo', 'C', '69', '255 lbs', 13, 'Kentucky', 'USA', 2017, 1, 14, UUID('a6b23d5e-3f64-49f8-803c-cd7ad4e1c4c4')),
('Kevin', 'Love', 'PF', '68', '251 lbs', 42, 'UCLA', 'USA', 2008, 1, 5, UUID('a6b23d5e-3f64-49f8-803c-cd7ad4e1c4c4')),
('Duncan', 'Robinson', 'SF', '67', '215 lbs', 55, 'Michigan', 'USA', 2018, 2, 10, UUID('a6b23d5e-3f64-49f8-803c-cd7ad4e1c4c4')),
('Kyle', 'Lowry', 'PG', '60', '196 lbs', 7, 'Villanova', 'Canada', 2006, 1, 24, UUID('a6b23d5e-3f64-49f8-803c-cd7ad4e1c4c4')),
('Jaime', 'Jaquez Jr.', 'SF', '66', '225 lbs', 11, 'UCLA', 'USA', 2023, 1, 18, UUID('a6b23d5e-3f64-49f8-803c-cd7ad4e1c4c4')),
('Nikola', 'Jovic', 'PF', '610', '205 lbs', 5, 'Serbia', 'Serbia', 2022, 1, 27, UUID('a6b23d5e-3f64-49f8-803c-cd7ad4e1c4c4')),
('Josh', 'Richardson', 'SG', '65', '200 lbs', 0, 'Tennessee', 'USA', 2015, 2, 40, UUID('a6b23d5e-3f64-49f8-803c-cd7ad4e1c4c4')),
('Thomas', 'Bryant', 'C', '610', '248 lbs', 31, 'Indiana', 'USA', 2017, 2, 42, UUID('a6b23d5e-3f64-49f8-803c-cd7ad4e1c4c4')),
('Josh', 'Christopher', 'SG', '64', '215 lbs', 8, 'Arizona State', 'USA', 2021, 1, 24, UUID('a6b23d5e-3f64-49f8-803c-cd7ad4e1c4c4')),
('Terry', 'Rozier', 'PG', '61', '190 lbs', 2, 'Louisville', 'USA', 2015, 1, 16, UUID('a6b23d5e-3f64-49f8-803c-cd7ad4e1c4c4')),
('Damian', 'Lillard', 'PG', '63', '206', '0', 'Weber State', 'USA', '2013', '1', '6', UUID('59f45da4-31a6-44c7-ae84-3c7e7a1ea177')),
('Khris', 'Middleton', 'SF', '67', '222', '23', 'Texas A&M', 'USA', '2012', '2', '39', UUID('59f45da4-31a6-44c7-ae84-3c7e7a1ea177')),
('Giannis', 'Antetokounmpo', 'PF', '70', '242', '34', 'None', 'Greece', '2013', '1', '15', UUID('59f45da4-31a6-44c7-ae84-3c7e7a1ea177')),
('Bobby', 'Portis', 'PF', '69', '250', '9', 'Arkansas', 'USA', '2015', '1', '22', UUID('59f45da4-31a6-44c7-ae84-3c7e7a1ea177')),
('Brook', 'Lopez', 'C', '70', '282', '11', 'Stanford', 'USA', '2008', '1', '10', UUID('59f45da4-31a6-44c7-ae84-3c7e7a1ea177')),
('Jrue', 'Holiday', 'PG', '64', '219', '21', 'UCLA', 'USA', '2009', '1', '17', UUID('59f45da4-31a6-44c7-ae84-3c7e7a1ea177')),
('Pat', 'Connaughton', 'SG', '65', '209', '24', 'Notre Dame', 'USA', '2015', '2', '41', UUID('59f45da4-31a6-44c7-ae84-3c7e7a1ea177')),
('Thanasis', 'Antetokounmpo', 'SF', '66', '219', '43', 'None', 'Greece', '2014', '2', '51', UUID('59f45da4-31a6-44c7-ae84-3c7e7a1ea177')),
('Jevon', 'Carter', 'PG', '61', '201', '5', 'West Virginia', 'USA', '2018', '2', '32', UUID('59f45da4-31a6-44c7-ae84-3c7e7a1ea177')),
('Chris', 'Livingston', 'SF', '66', '210', '24', 'Kentucky', 'USA', '2023', '1', '57', UUID('59f45da4-31a6-44c7-ae84-3c7e7a1ea177')),
('Malik', 'Beasley', 'SG', '64', '213', '23', 'Florida State', 'USA', '2020', '1', '19', UUID('59f45da4-31a6-44c7-ae84-3c7e7a1ea177')),
('Joe', 'Ingles', 'SF', '68', '214', '7', 'None', 'Australia', '2014', '2', '31', UUID('59f45da4-31a6-44c7-ae84-3c7e7a1ea177')),
('Anthony', 'Edwards', 'SG', '64', '225', '1', 'Georgia', 'USA', '2020', '1', '1', UUID('89f235d4-2d67-4d69-925e-b104ac20e8d6')),
('Karl-Anthony', 'Towns', 'C', '69', '250', '32', 'Kentucky', 'Dominican Republic', '2015', '1', '1', UUID('89f235d4-2d67-4d69-925e-b104ac20e8d6')),
('Jaden', 'Ivey', 'PG', '64', '190', '22', 'Purdue', 'USA', '2023', '1', '6', UUID('89f235d4-2d67-4d69-925e-b104ac20e8d6')),
('Jaden', 'McDaniels', 'PF', '69', '185', '6', 'Washington', 'USA', '2020', '1', '28', UUID('89f235d4-2d67-4d69-925e-b104ac20e8d6')),
('Rudy', 'Gobert', 'C', '71', '258', '27', 'France', 'France', '2013', '1', '27', UUID('89f235d4-2d67-4d69-925e-b104ac20e8d6')),
('Mike', 'Conley', 'PG', '60', '175', '10', 'Ohio State', 'USA', '2007', '1', '4', UUID('89f235d4-2d67-4d69-925e-b104ac20e8d6')),
('Naz', 'Reid', 'C', '69', '264', '11', 'LSU', 'USA', '2019', '2', '23', UUID('89f235d4-2d67-4d69-925e-b104ac20e8d6')),
('Kyle', 'Anderson', 'SF', '69', '230', '1', 'UCLA', 'USA', '2014', '1', '30', UUID('89f235d4-2d67-4d69-925e-b104ac20e8d6')),
('Shake', 'Milton', 'SG', '65', '205', '18', 'Southern Methodist', 'USA', '2020', '2', '54', UUID('89f235d4-2d67-4d69-925e-b104ac20e8d6')),
('Leonard', 'Miller', 'SF', '610', '210', '33', 'Canada', 'Canada', '2023', '2', '33', UUID('89f235d4-2d67-4d69-925e-b104ac20e8d6')),
('Josh', 'Minott', 'SF', '68', '200', '20', 'Memphis', 'USA', '2022', '2', '45', UUID('89f235d4-2d67-4d69-925e-b104ac20e8d6')),
('Troy', 'Brown Jr.', 'SF', '67', '215', '0', 'Oregon', 'USA', '2020', '2', '45', UUID('89f235d4-2d67-4d69-925e-b104ac20e8d6')),
('Jose', 'Alvarado', 'PG', '60', 179, 15, 'Georgia Tech', 'USA', 2021, 2, 19, UUID('2f5fa9e8-4474-4629-b2d1-d17e50326d37')),
('Brandon', 'Ingram', 'SF', '68', 190, 14, 'Duke', 'USA', 2016, 1, 2, UUID('2f5fa9e8-4474-4629-b2d1-d17e50326d37')),
('Herbert', 'Jones', 'SF', '67', 206, 2, 'Alabama', 'USA', 2021, 2, 35, UUID('2f5fa9e8-4474-4629-b2d1-d17e50326d37')),
('CJ', 'McCollum', 'SG', '63', 190, 3, 'Lehigh', 'USA', 2013, 1, 10, UUID('2f5fa9e8-4474-4629-b2d1-d17e50326d37')),
('Zion', 'Williamson', 'PF', '66', 284, 1, 'Duke', 'USA', 2019, 1, 1, UUID('2f5fa9e8-4474-4629-b2d1-d17e50326d37')),
('Trey', 'Murphy III', 'SF', '68', 206, 25, 'Virginia', 'USA', 2021, 1, 17, UUID('2f5fa9e8-4474-4629-b2d1-d17e50326d37')),
('Larry', 'Nance Jr.', 'PF', '68', 245, 22, 'Wyoming', 'USA', 2015, 1, 27, UUID('2f5fa9e8-4474-4629-b2d1-d17e50326d37')),
('Naji', 'Marshall', 'SF', '66', 220, 8, 'Xavier', 'USA', 2020, 2, 58, UUID('2f5fa9e8-4474-4629-b2d1-d17e50326d37')),
('Dyson', 'Daniels', 'PG', '67', 199, 11, 'Australia', 'Australia', 2022, 1, 8, UUID('2f5fa9e8-4474-4629-b2d1-d17e50326d37')),
('Trey', 'Jemison', 'C', '610', 260, 55, 'UAB', 'USA', 2023, 2, 39, UUID('2f5fa9e8-4474-4629-b2d1-d17e50326d37')),
('Brandon', 'Boston Jr.', 'SG', '66', 188, 11, 'Kentucky', 'USA', 2021, 2, 51, UUID('2f5fa9e8-4474-4629-b2d1-d17e50326d37')),
('Jordan', 'Hawkins', 'SG', '65', 190, 24, 'UConn', 'USA', 2023, 1, 14, UUID('2f5fa9e8-4474-4629-b2d1-d17e50326d37')),
('Jalen', 'Brunson', 'PG', '6-1', '190', '11', 'Villanova', 'USA', 2021, 1, 34, UUID('ad681fed-295d-4f29-81bb-9f30bd36f9d5')),
('Julius', 'Randle', 'PF', '6-9', '250', '30', 'Kentucky', 'USA', 2014, 1, 7, UUID('ad681fed-295d-4f29-81bb-9f30bd36f9d5')),
('RJ', 'Barrett', 'SF', '6-6', '214', '9', 'Duke', 'Canada', 2019, 1, 3, UUID('ad681fed-295d-4f29-81bb-9f30bd36f9d5')),
('Mitchell', 'Robinson', 'C', '7-0', '240', '23', 'Western Kentucky', 'USA', 2018, 2, 36, UUID('ad681fed-295d-4f29-81bb-9f30bd36f9d5')),
('Quentin', 'Grimes', 'SG', '6-4', '210', '6', 'Houston', 'USA', 2022, 1, 25, UUID('ad681fed-295d-4f29-81bb-9f30bd36f9d5')),
('Immanuel', 'Quickley', 'PG', '6-3', '200', '5', 'Kentucky', 'USA', 2020, 1, 25, UUID('ad681fed-295d-4f29-81bb-9f30bd36f9d5')),
('Josh', 'Hart', 'SF', '6-5', '214', '3', 'Villanova', 'USA', 2017, 1, 30, UUID('ad681fed-295d-4f29-81bb-9f30bd36f9d5')),
('Derrick', 'Rose', 'PG', '6-3', '200', '4', 'Memphis', 'USA', 2008, 1, 1, UUID('ad681fed-295d-4f29-81bb-9f30bd36f9d5')),
('Isaiah', 'Hartenstein', 'C', '7-0', '250', '55', 'Gonzaga', 'Germany', 2017, 2, 43, UUID('ad681fed-295d-4f29-81bb-9f30bd36f9d5')),
('Sviatoslav', 'Mykhailiuk', 'SG', '6-7', '205', '77', 'Kansas', 'Ukraine', 2018, 2, 47, UUID('ad681fed-295d-4f29-81bb-9f30bd36f9d5')),
('Evan', 'Fournier', 'SG', '6-7', '214', '13', 'France', 'France', 2012, 1, 20, UUID('ad681fed-295d-4f29-81bb-9f30bd36f9d5')),
('Obi', 'Toppin', 'PF', '6-9', '220', '1', 'Dayton', 'USA', 2020, 1, 8, UUID('ad681fed-295d-4f29-81bb-9f30bd36f9d5')),
('Shai', 'Gilgeous-Alexander', 'SG', '6-6', '181', '2', 'Kentucky', 'Canada', 2018, 1, 11, UUID('e5a54e96-6d75-46e6-b662-e3b6ef8d1778')),
('Josh', 'Giddey', 'PG', '6-8', '202', '3', 'Australia', 'Australia', 2021, 1, 6, UUID('e5a54e96-6d75-46e6-b662-e3b6ef8d1778')),
('Chet', 'Holmgren', 'C', '7-0', '195', '7', 'Gonzaga', 'USA', 2022, 1, 2, UUID('e5a54e96-6d75-46e6-b662-e3b6ef8d1778')),
('Luguentz', 'Dort', 'SG', '6-3', '214', '5', 'Arizona State', 'Canada', 2019, 2, 47, UUID('e5a54e96-6d75-46e6-b662-e3b6ef8d1778')),
('Jalen', 'Williams', 'SF', '6-6', '185', '8', 'Santa Clara', 'USA', 2022, 1, 12, UUID('e5a54e96-6d75-46e6-b662-e3b6ef8d1778')),
('Jeremiah', 'Robinson-Earl', 'PF', '6-9', '240', '50', 'Villanova', 'USA', 2021, 2, 32, UUID('e5a54e96-6d75-46e6-b662-e3b6ef8d1778')),
('Tre', 'Mann', 'SG', '6-5', '207', '6', 'Florida', 'USA', 2021, 2, 18, UUID('e5a54e96-6d75-46e6-b662-e3b6ef8d1778')),
('Aaron', 'Wiggins', 'SF', '6-6', '198', '10', 'Golden State', 'Canada', 2022, 2, 55, UUID('e5a54e96-6d75-46e6-b662-e3b6ef8d1778')),
('Darius', 'Bazley', 'PF', '6-8', '208', '7', 'Boston University', 'USA', 2019, 1, 23, UUID('e5a54e96-6d75-46e6-b662-e3b6ef8d1778')),
('Kenrich', 'Williams', 'SF', '6-6', '209', '34', 'TCU', 'USA', 2018, 2, 55, UUID('e5a54e96-6d75-46e6-b662-e3b6ef8d1778')),
('Mike', 'Muscala', 'C', '6-10', '250', '33', 'Bucknell', 'USA', 2014, 2, 44, UUID('e5a54e96-6d75-46e6-b662-e3b6ef8d1778')),
('Vasilije', 'Micić', 'PG', '6-5', '191', '17', 'Serbia', 'Serbia', 2023, 2, 52, UUID('e5a54e96-6d75-46e6-b662-e3b6ef8d1778')),
('Paolo', 'Banchero', 'PF', '6-10', '250', '5', 'Duke', 'USA', 2022, 1, 1, UUID('f3ac2c16-1523-4746-a15d-6de71b90b779')),
('Franz', 'Wagner', 'SF', '6-9', '220', '22', 'Michigan', 'Germany', 2021, 1, 8, UUID('f3ac2c16-1523-4746-a15d-6de71b90b779')),
('Jalen', 'Sugs', 'PG', '6-4', '215', '1', 'Gonzaga', 'USA', 2021, 1, 5, UUID('f3ac2c16-1523-4746-a15d-6de71b90b779')),
('Wendell', 'Carter Jr.', 'C', '6-10', '250', '34', 'Duke', 'USA', 2018, 1, 7, UUID('f3ac2c16-1523-4746-a15d-6de71b90b779')),
('Cole', 'Anthony', 'PG', '6-3', '190', '50', 'North Carolina', 'USA', 2020, 1, 15, UUID('f3ac2c16-1523-4746-a15d-6de71b90b779')),
('Markelle', 'Fultz', 'PG', '6-3', '209', '20', 'Washington', 'USA', 2017, 1, 1, UUID('f3ac2c16-1523-4746-a15d-6de71b90b779')),
('Mo', 'Bamba', 'C', '7-0', '231', '5', 'Texas', 'USA', 2018, 1, 6, UUID('f3ac2c16-1523-4746-a15d-6de71b90b779')),
('Jamal', 'Moskowitz', 'SG', '6-6', '190', '7', 'Florida', 'USA', 2023, 2, 12, UUID('f3ac2c16-1523-4746-a15d-6de71b90b779')),
('Gary', 'Harris', 'SG', '6-4', '210', '14', 'Michigan State', 'USA', 2014, 2, 19, UUID('f3ac2c16-1523-4746-a15d-6de71b90b779')),
('Chuma', 'Okeke', 'SF', '6-8', '230', '3', 'Auburn', 'USA', 2019, 1, 16, UUID('f3ac2c16-1523-4746-a15d-6de71b90b779')),
('Bol', 'Bol', 'PF', '7-2', '230', '10', 'Oregon', 'USA', 2019, 2, 44, UUID('f3ac2c16-1523-4746-a15d-6de71b90b779')),
('RJ', 'Hampton', 'SG', '6-4', '185', '13', 'USA', 'USA', 2020, 2, 24, UUID('f3ac2c16-1523-4746-a15d-6de71b90b779')),
('Joel', 'Embiid', 'C', '7-0', '280', '21', 'Kansas', 'Cameroon', 2014, 1, 3, UUID('a5fb4f5b-d302-4094-8a5b-d6fc7eaf83f6')),
('Tyrese', 'Maxey', 'PG', '6-2', '200', '0', 'Kentucky', 'USA', 2020, 1, 21, UUID('a5fb4f5b-d302-4094-8a5b-d6fc7eaf83f6')),
('James', 'Harden', 'SG', '6-5', '220', '13', 'Arizona State', 'USA', 2009, 1, 3, UUID('a5fb4f5b-d302-4094-8a5b-d6fc7eaf83f6')),
('Tobias', 'Harris', 'SF', '6-8', '226', '12', 'Tennessee', 'USA', 2011, 1, 19, UUID('a5fb4f5b-d302-4094-8a5b-d6fc7eaf83f6')),
('De Anthony', 'Melton', 'SG', '6-2', '200', '8', 'USC', 'USA', 2018, 2, 46, UUID('a5fb4f5b-d302-4094-8a5b-d6fc7eaf83f6')),
('PJ', 'Tucker', 'PF', '6-5', '250', '17', 'Texas', 'USA', 2006, 2, 35, UUID('a5fb4f5b-d302-4094-8a5b-d6fc7eaf83f6')),
('Shake', 'Milton', 'PG', '6-5', '209', '18', 'SMU', 'USA', 2018, 2, 54, UUID('a5fb4f5b-d302-4094-8a5b-d6fc7eaf83f6')),
('Paul', 'Reed', 'PF', '6-9', '210', '44', 'DePaul', 'USA', 2020, 2, 58, UUID('a5fb4f5b-d302-4094-8a5b-d6fc7eaf83f6')),
('Montrezl', 'Harrell', 'C', '6-7', '240', '5', 'Louisville', 'USA', 2015, 2, 32, UUID('a5fb4f5b-d302-4094-8a5b-d6fc7eaf83f6')),
('Danuel', 'House Jr.', 'SF', '6-6', '214', '4', 'Houston', 'USA', 2016, 2, 37, UUID('a5fb4f5b-d302-4094-8a5b-d6fc7eaf83f6')),
('Furkan', 'Korkmaz', 'SG', '6-7', '203', '30', 'Turkey', 'Turkey', 2016, 1, 26, UUID('a5fb4f5b-d302-4094-8a5b-d6fc7eaf83f6')),
('Jaden', 'Springer', 'SG', '6-4', '200', '11', 'Tennessee', 'USA', 2021, 1, 28, UUID('a5fb4f5b-d302-4094-8a5b-d6fc7eaf83f6')),
('Devin', 'Booker', 'SG', '6-5', '206', '1', 'Kentucky', 'USA', 2015, 1, 13, UUID('d9e15f58-1dd2-40aa-8400-dc7cd22ecf1e')),
('Kevin', 'Durant', 'SF', '6-10', '240', '7', 'Texas', 'USA', 2007, 1, 2, UUID('d9e15f58-1dd2-40aa-8400-dc7cd22ecf1e')),
('Chris', 'Paul', 'PG', '6-1', '175', '3', 'Wake Forest', 'USA', 2005, 1, 4, UUID('d9e15f58-1dd2-40aa-8400-dc7cd22ecf1e')),
('Deandre', 'Ayton', 'C', '7-0', '250', '22', 'Arizona', 'Bahamas', 2018, 1, 1, UUID('d9e15f58-1dd2-40aa-8400-dc7cd22ecf1e')),
('Matisse', 'Thybulle', 'SF', '6-5', '202', '9', 'Washington', 'Australia', 2019, 1, 20, UUID('d9e15f58-1dd2-40aa-8400-dc7cd22ecf1e')),
('Cameron', 'Johnson', 'SF', '6-8', '210', '23', 'Pittsburgh', 'USA', 2019, 1, 11, UUID('d9e15f58-1dd2-40aa-8400-dc7cd22ecf1e')),
('Jae', 'Crowder', 'SF', '6-6', '235', '99', 'Marquette', 'USA', 2012, 2, 34, UUID('d9e15f58-1dd2-40aa-8400-dc7cd22ecf1e')),
('Torrey', 'Craig', 'SF', '6-7', '221', '0', 'South Carolina', 'Australia', 2014, 2, 32, UUID('d9e15f58-1dd2-40aa-8400-dc7cd22ecf1e')),
('Damion', 'Lee', 'SG', '6-5', '210', '10', 'Louisville', 'USA', 2016, 2, 51, UUID('d9e15f58-1dd2-40aa-8400-dc7cd22ecf1e')),
('Bismack', 'Biyombo', 'C', '6-8', '255', '18', 'Congo', 'Congo', 2011, 1, 7, UUID('d9e15f58-1dd2-40aa-8400-dc7cd22ecf1e')),
('Saban', 'Lee', 'PG', '6-2', '185', '7', 'Vanderbilt', 'USA', 2020, 2, 38, UUID('d9e15f58-1dd2-40aa-8400-dc7cd22ecf1e')),
('Landry', 'Shamet', 'SG', '6-4', '180', '14', 'Wichita State', 'USA', 2021, 1, 26, UUID('d9e15f58-1dd2-40aa-8400-dc7cd22ecf1e')),
('Damian', 'Lillard', 'PG', '6-2', '195', '0', 'Weber State', 'USA', 2012, 1, 6, UUID('76b5fcb5-8361-49f3-b9b7-d11290c97922')),
('Anfernee', 'Simons', 'SG', '6-3', '198', '1', 'Pine Forest HS', 'USA', 2018, 1, 24, UUID('76b5fcb5-8361-49f3-b9b7-d11290c97922')),
('Jusuf', 'Nurkic', 'C', '7-0', '290', '27', 'Cejle', 'Bosnia and Herzegovina', 2014, 1, 16, UUID('76b5fcb5-8361-49f3-b9b7-d11290c97922')),
('Jerami', 'Grant', 'PF', '6-8', '214', '9', 'Syracuse', 'USA', 2014, 2, 39, UUID('76b5fcb5-8361-49f3-b9b7-d11290c97922')),
('Shaedon', 'Sharpe', 'SG', '6-6', '198', '17', 'None', 'Canada', 2022, 1, 7, UUID('76b5fcb5-8361-49f3-b9b7-d11290c97922')),
('Trendon', 'Watford', 'SF', '6-8', '231', '2', 'LSU', 'USA', 2021, 2, 47, UUID('76b5fcb5-8361-49f3-b9b7-d11290c97922')),
('Keon', 'Johnson', 'SG', '6-4', '186', '6', 'Tennessee', 'USA', 2021, 1, 21, UUID('76b5fcb5-8361-49f3-b9b7-d11290c97922')),
('Drew', 'Eubanks', 'C', '6-9', '213', '24', 'Oregon State', 'USA', 2017, 2, 28, UUID('76b5fcb5-8361-49f3-b9b7-d11290c97922')),
('Nasir', 'Little', 'SF', '6-6', '219', '5', 'North Carolina', 'USA', 2019, 1, 25, UUID('76b5fcb5-8361-49f3-b9b7-d11290c97922')),
('Cam', 'Reddish', 'SF', '6-8', '206', '22', 'Duke', 'USA', 2019, 1, 10, UUID('76b5fcb5-8361-49f3-b9b7-d11290c97922')),
('Matisse', 'Thybulle', 'SF', '6-5', '202', '9', 'Washington', 'Australia', 2019, 1, 20, UUID('76b5fcb5-8361-49f3-b9b7-d11290c97922')),
('Reggie', 'Perry', 'PF', '6-9', '250', '15', 'Arkansas', 'USA', 2020, 2, 49, UUID('76b5fcb5-8361-49f3-b9b7-d11290c97922')),
('DeAaron', 'Fox', 'PG', 6.3, 185, 5, 'Kentucky', 'USA', 2017, 1, 5, UUID('fc87c64d-99c5-4e2e-b680-c86d43102c04')),
('Domantas', 'Sabonis', 'PF/C', 6.11, 240, 10, 'Gonzaga', 'Lithuania', 2016, 1, 11, UUID('fc87c64d-99c5-4e2e-b680-c86d43102c04')),
('Harrison', 'Barnes', 'SF', 6.8, 225, 40, 'North Carolina', 'USA', 2012, 1, 7, UUID('fc87c64d-99c5-4e2e-b680-c86d43102c04')),
('Kevin', 'Huerter', 'SG', 6.7, 190, 9, 'Maryland', 'USA', 2018, 1, 19, UUID('fc87c64d-99c5-4e2e-b680-c86d43102c04')),
('Keegan', 'Murray', 'PF', 6.8, 215, 13, 'Iowa', 'USA', 2022, 1, 4, UUID('fc87c64d-99c5-4e2e-b680-c86d43102c04')),
('Malik', 'Monk', 'SG', 6.3, 200, 0, 'Kentucky', 'USA', 2017, 1, 11, UUID('fc87c64d-99c5-4e2e-b680-c86d43102c04')),
('Davion', 'Mitchell', 'PG', 6.0, 202, 15, 'Baylor', 'USA', 2021, 1, 9, UUID('fc87c64d-99c5-4e2e-b680-c86d43102c04')),
('Alex', 'Len', 'C', 7.0, 250, 25, 'Maryland', 'Ukraine', 2013, 1, 5, UUID('fc87c64d-99c5-4e2e-b680-c86d43102c04')),
('Trey', 'Lyles', 'PF', 6.9, 234, 41, 'Kentucky', 'Canada', 2015, 1, 12, UUID('fc87c64d-99c5-4e2e-b680-c86d43102c04')),
('JaVale', 'McGee', 'C', 7.0, 270, 7, 'Nevada', 'USA', 2008, 1, 18, UUID('fc87c64d-99c5-4e2e-b680-c86d43102c04')),
('Chris', 'Duarte', 'SG', 6.6, 190, 3, 'Oregon', 'Dominican Republic', 2021, 1, 13, UUID('fc87c64d-99c5-4e2e-b680-c86d43102c04')),
('Sasha', 'Vezenkov', 'PF', 6.9, 225, 7, 'N/A', 'Bulgaria', 2017, 2, 57, UUID('fc87c64d-99c5-4e2e-b680-c86d43102c04')),
('Victor', 'Wembanyama', 'C', 7.4, 210, 1, 'N/A', 'France', 2023, 1, 1, UUID('a7e05367-3649-48ea-b6be-87efea59f1d5')),
('Keldon', 'Johnson', 'SF', 6.6, 220, 3, 'Kentucky', 'USA', 2019, 1, 29, UUID('a7e05367-3649-48ea-b6be-87efea59f1d5')),
('Devin', 'Vassell', 'SG', 6.7, 210, 24, 'Florida State', 'USA', 2020, 1, 11, UUID('a7e05367-3649-48ea-b6be-87efea59f1d5')),
('Jeremy', 'Sochan', 'PF', 6.8, 230, 10, 'Baylor', 'Poland', 2022, 1, 9, UUID('a7e05367-3649-48ea-b6be-87efea59f1d5')),
('Zach', 'Collins', 'C', 6.11, 250, 23, 'Gonzaga', 'USA', 2017, 1, 10, UUID('a7e05367-3649-48ea-b6be-87efea59f1d5')),
('Tre', 'Jones', 'PG', 6.1, 185, 33, 'Duke', 'USA', 2020, 2, 41, UUID('a7e05367-3649-48ea-b6be-87efea59f1d5')),
('Doug', 'McDermott', 'SF', 6.7, 225, 17, 'Creighton', 'USA', 2014, 1, 11, UUID('a7e05367-3649-48ea-b6be-87efea59f1d5')),
('Malaki', 'Branham', 'SG', 6.5, 195, 22, 'Ohio State', 'USA', 2022, 1, 20, UUID('a7e05367-3649-48ea-b6be-87efea59f1d5')),
('Cedi', 'Osman', 'SF', 6.7, 230, 16, 'N/A', 'Turkey', 2015, 2, 31, UUID('a7e05367-3649-48ea-b6be-87efea59f1d5')),
('Charles', 'Bassey', 'C', 6.9, 230, 28, 'Western Kentucky', 'Nigeria', 2021, 2, 53, UUID('a7e05367-3649-48ea-b6be-87efea59f1d5')),
('Julian', 'Champagnie', 'SF', 6.6, 210, 30, 'St. Johns', 'USA', 2022, 3, 53, UUID('a7e05367-3649-48ea-b6be-87efea59f1d5')),
('Sandro', 'Mamukelashvili', 'PF/C', 6.10, 240, 54, 'Seton Hall', 'Georgia', 2021, 2, 54, UUID('a7e05367-3649-48ea-b6be-87efea59f1d5')),
('Pascal', 'Siakam', 'PF', 6.9, 230, 43, 'New Mexico State', 'Cameroon', 2016, 1, 27, UUID('b3c526f6-b2fb-49b7-9ac1-3d486e3e8dc8')),
('Scottie', 'Barnes', 'SF', 6.8, 225, 4, 'Florida State', 'USA', 2021, 1, 4, UUID('b3c526f6-b2fb-49b7-9ac1-3d486e3e8dc8')),
('OG', 'Anunoby', 'SF', 6.7, 232, 3, 'Indiana', 'United Kingdom', 2017, 1, 23, UUID('b3c526f6-b2fb-49b7-9ac1-3d486e3e8dc8')),
('Jakob', 'Poeltl', 'C', 7.1, 245, 19, 'Utah', 'Austria', 2016, 1, 9, UUID('b3c526f6-b2fb-49b7-9ac1-3d486e3e8dc8')),
('Dennis', 'Schroder', 'PG', 6.1, 172, 17, 'N/A', 'Germany', 2013, 1, 17, UUID('b3c526f6-b2fb-49b7-9ac1-3d486e3e8dc8')),
('Gary', 'Trent Jr.', 'SG', 6.5, 209, 33, 'Duke', 'USA', 2018, 2, 37, UUID('b3c526f6-b2fb-49b7-9ac1-3d486e3e8dc8')),
('Precious', 'Achiuwa', 'PF', 6.8, 225, 5, 'Memphis', 'Nigeria', 2020, 1, 20, UUID('b3c526f6-b2fb-49b7-9ac1-3d486e3e8dc8')),
('Chris', 'Boucher', 'PF', 6.9, 200, 25, 'Oregon', 'Canada', 2017, 9, 20, UUID('b3c526f6-b2fb-49b7-9ac1-3d486e3e8dc8')),
('Gradey', 'Dick', 'SG', 6.8, 205, 1, 'Kansas', 'USA', 2023, 1, 13, UUID('b3c526f6-b2fb-49b7-9ac1-3d486e3e8dc8')),
('Otto', 'Porter Jr.', 'SF', 6.8, 198, 32, 'Georgetown', 'USA', 2013, 1, 3, UUID('b3c526f6-b2fb-49b7-9ac1-3d486e3e8dc8')),
('Jalen', 'McDaniels', 'PF', 6.9, 205, 6, 'San Diego State', 'USA', 2019, 2, 52, UUID('b3c526f6-b2fb-49b7-9ac1-3d486e3e8dc8')),
('Thaddeus', 'Young', 'PF', 6.8, 235, 21, 'Georgia Tech', 'USA', 2007, 1, 12, UUID('b3c526f6-b2fb-49b7-9ac1-3d486e3e8dc8')),
('Lauri', 'Markkanen', 'PF', 7.0, 240, 23, 'Arizona', 'Finland', 2017, 1, 7, UUID('9f9875b4-8326-40b3-802c-e8bd127ad1d7')),
('Jordan', 'Clarkson', 'SG', 6.4, 194, 00, 'Missouri', 'Philippines', 2014, 2, 46, UUID('9f9875b4-8326-40b3-802c-e8bd127ad1d7')),
('Walker', 'Kessler', 'C', 7.1, 245, 24, 'Auburn', 'USA', 2022, 1, 22, UUID('9f9875b4-8326-40b3-802c-e8bd127ad1d7')),
('Collin', 'Sexton', 'PG', 6.1, 190, 2, 'Alabama', 'USA', 2018, 1, 8, UUID('9f9875b4-8326-40b3-802c-e8bd127ad1d7')),
('John', 'Collins', 'PF', 6.9, 226, 20, 'Wake Forest', 'USA', 2017, 1, 19, UUID('9f9875b4-8326-40b3-802c-e8bd127ad1d7')),
('Talen', 'Horton-Tucker', 'SG', 6.4, 234, 5, 'Iowa State', 'USA', 2019, 2, 46, UUID('9f9875b4-8326-40b3-802c-e8bd127ad1d7')),
('Ochai', 'Agbaji', 'SG', 6.5, 215, 30, 'Kansas', 'USA', 2022, 1, 14, UUID('9f9875b4-8326-40b3-802c-e8bd127ad1d7')),
('Kelly', 'Olynyk', 'C', 6.11, 240, 13, 'Gonzaga', 'Canada', 2013, 1, 13, UUID('9f9875b4-8326-40b3-802c-e8bd127ad1d7')),
('Kris', 'Dunn', 'PG', 6.3, 205, 11, 'Providence', 'USA', 2016, 1, 5, UUID('9f9875b4-8326-40b3-802c-e8bd127ad1d7')),
('Simone', 'Fontecchio', 'SF', 6.8, 209, 16, 'N/A', 'Italy', 2022, 1, 5, UUID('9f9875b4-8326-40b3-802c-e8bd127ad1d7')),
('Keyonte', 'George', 'SG', 6.4, 185, 3, 'Baylor', 'USA', 2023, 1, 16, UUID('9f9875b4-8326-40b3-802c-e8bd127ad1d7')),
('Brice', 'Sensabaugh', 'SF', 6.6, 235, 8, 'Ohio State', 'USA', 2023, 1, 28, UUID('9f9875b4-8326-40b3-802c-e8bd127ad1d7')),
('Jordan', 'Poole', 'SG', 6.4, 194, 13, 'Michigan', 'USA', 2019, 1, 28, UUID('ef3742fc-79e5-4040-b3fd-9a27f55ed90b')),
('Kyle', 'Kuzma', 'PF', 6.9, 221, 33, 'Utah', 'USA', 2017, 1, 27, UUID('ef3742fc-79e5-4040-b3fd-9a27f55ed90b')),
('Tyus', 'Jones', 'PG', 6.0, 196, 21, 'Duke', 'USA', 2015, 1, 24, UUID('ef3742fc-79e5-4040-b3fd-9a27f55ed90b')),
('Deni', 'Avdija', 'SF', 6.9, 210, 9, 'N/A', 'Israel', 2020, 1, 9, UUID('ef3742fc-79e5-4040-b3fd-9a27f55ed90b')),
('Corey', 'Kispert', 'SF', 6.7, 224, 24, 'Gonzaga', 'USA', 2021, 1, 15, UUID('ef3742fc-79e5-4040-b3fd-9a27f55ed90b')),
('Daniel', 'Gafford', 'C', 6.10, 234, 21, 'Arkansas', 'USA', 2019, 2, 38, UUID('ef3742fc-79e5-4040-b3fd-9a27f55ed90b')),
('Bilal', 'Coulibaly', 'SG', 6.7, 230, 0, 'N/A', 'France', 2023, 1, 7, UUID('ef3742fc-79e5-4040-b3fd-9a27f55ed90b')),
('Delon', 'Wright', 'PG', 6.5, 185, 55, 'Utah', 'USA', 2015, 1, 20, UUID('ef3742fc-79e5-4040-b3fd-9a27f55ed90b')),
('Landry', 'Shamet', 'SG', 6.4, 190, 14, 'Wichita State', 'USA', 2018, 1, 26, UUID('ef3742fc-79e5-4040-b3fd-9a27f55ed90b')),
('Danilo', 'Gallinari', 'PF', 6.10, 236, 8, 'N/A', 'Italy', 2008, 1, 6, UUID('ef3742fc-79e5-4040-b3fd-9a27f55ed90b')),
('Mike', 'Muscala', 'C', 6.11, 240, 31, 'Bucknell', 'USA', 2013, 2, 44, UUID('ef3742fc-79e5-4040-b3fd-9a27f55ed90b')),
('Anthony', 'Gill', 'PF', 6.8, 230, 16, 'Virginia', 'USA', 2020, 3, 44, UUID('ef3742fc-79e5-4040-b3fd-9a27f55ed90b'));

INSERT INTO game (date, season, status, period, time, postseason, home_team_score, visitor_team_score, home_team_id, visitor_team_id)
VALUES
('2024-11-04', 2024, 'Final', 4, 'Final', false, 115, 103, UUID('2038b508-869b-4568-8bde-b9dece3383a5'), UUID('99bc7e2c-38fd-4eb8-987f-33c1b453dbf2')),

('2024-11-04', 2024, 'Final', 4, 'Final', false, 93, 123, UUID('6df04b45-17f3-4933-8dc4-b8c1dfb7de35'), UUID('e5f8cf4e-3b8e-4a8d-b87b-0a979abc72ea')),

('2024-11-04', 2024, 'Final', 4, 'Final', false, 106, 104, UUID('79364d9c-0481-42b3-8570-1264fc04b737'), UUID('3435c1a7-157f-488e-881d-3f4d65c7398e')),

('2024-11-04', 2024, 'Final', 4, 'Final', false, 126, 135, UUID('5bc405c8-d25b-4b37-b0f5-35e57ebf64fd'), UUID('9f9875b4-8326-40b3-802c-e8bd127ad1d7')),

('2024-11-04', 2024, 'Final', 4, 'Final', false, 109, 97, UUID('7e9ef8b7-b7da-4084-aaf7-e73aa3ec7854'), UUID('ad681fed-295d-4f29-81bb-9f30bd36f9d5')),

('2024-11-04', 2024, 'Final', 4, 'Final', false, 114, 93, UUID('89f235d4-2d67-4d69-925e-b104ac20e8d6'), UUID('9c3ae678-92cf-4c89-8cf5-e3e292eb0f62')),

('2024-11-04', 2024, 'Final', 4, 'Final', false, 116, 114, UUID('af98cc5a-09d6-4af4-bdd3-8b3cdcc23060'), UUID('59f45da4-31a6-44c7-ae84-3c7e7a1ea177')),

('2024-11-03', 2024, 'Final', 4, 'Final', false, 92, 106, UUID('79364d9c-0481-42b3-8570-1264fc04b737'), UUID('2038b508-869b-4568-8bde-b9dece3383a5')),

('2024-11-03', 2024, 'Final', 4, 'Final', false, 111, 126, UUID('2f5fa9e8-4474-4629-b2d1-d17e50326d37'), UUID('6df04b45-17f3-4933-8dc4-b8c1dfb7de35')),

('2024-11-03', 2024, 'Final', 4, 'Final', false, 108, 85, UUID('a0a384d6-eabe-4b13-8fd0-d0d214e1f17b'), UUID('f3ac2c16-1523-4746-a15d-6de71b90b779')),

('2024-11-02', 2024, 'Final', 4, 'Final', false, 103, 113, UUID('9c3ae678-92cf-4c89-8cf5-e3e292eb0f62'), UUID('e5f8cf4e-3b8e-4a8d-b87b-0a979abc72ea')),

('2024-11-02', 2024, 'Final', 4, 'Final', false, 107, 124, UUID('a5fb4f5b-d302-4094-8a5b-d6fc7eaf83f6'), UUID('3435c1a7-157f-488e-881d-3f4d65c7398e')),

('2024-11-02', 2024, 'Final', 5, 'Final', false, 131, 128, UUID('b3c526f6-b2fb-49b7-9ac1-3d486e3e8dc8'), UUID('fc87c64d-99c5-4e2e-b680-c86d43102c04')),

('2024-11-02', 2024, 'Final', 5, 'Final', false, 121, 127, UUID('7e9ef8b7-b7da-4084-aaf7-e73aa3ec7854'), UUID('f0e3b5b7-18f0-4e1b-a891-e72d4ccbe501')),

('2024-11-02', 2024, 'Final', 4, 'Final', false, 113, 114, UUID('59f45da4-31a6-44c7-ae84-3c7e7a1ea177'), UUID('af98cc5a-09d6-4af4-bdd3-8b3cdcc23060')),

('2024-11-02', 2024, 'Final', 4, 'Final', false, 113, 103, UUID('a7e05367-3649-48ea-b6be-87efea59f1d5'), UUID('89f235d4-2d67-4d69-925e-b104ac20e8d6')),

('2024-11-02', 2024, 'Final', 4, 'Final', false, 98, 118, UUID('ef3742fc-79e5-4040-b3fd-9a27f55ed90b'), UUID('a6b23d5e-3f64-49f8-803c-cd7ad4e1c4c4')),

('2024-11-02', 2024, 'Final', 4, 'Final', false, 129, 103, UUID('0f582856-03dc-46d7-a329-02c9829fd3e0'), UUID('9f9875b4-8326-40b3-802c-e8bd127ad1d7')),

('2024-11-02', 2024, 'Final', 4, 'Final', false, 103, 97, UUID('d9e15f58-1dd2-40aa-8400-dc7cd22ecf1e'), UUID('76b5fcb5-8361-49f3-b9b7-d11290c97922')),

('2024-11-02', 2024, 'Final', 4, 'Final', false, 92, 105, UUID('4dd8f144-2cc0-4916-9cb1-44adf9a0481c'), UUID('e5a54e96-6d75-46e6-b662-e3b6ef8d1778')),

('2024-11-01', 2024, 'Final', 4, 'Final', false, 98, 128, UUID('2038b508-869b-4568-8bde-b9dece3383a5'), UUID('ad681fed-295d-4f29-81bb-9f30bd36f9d5')),

('2024-11-01', 2024, 'Final', 4, 'Final', false, 115, 123, UUID('6df04b45-17f3-4933-8dc4-b8c1dfb7de35'), UUID('fc87c64d-99c5-4e2e-b680-c86d43102c04')),

('2024-11-01', 2024, 'Final', 4, 'Final', false, 109, 124, UUID('9c3ae678-92cf-4c89-8cf5-e3e292eb0f62'), UUID('e5f8cf4e-3b8e-4a8d-b87b-0a979abc72ea')),

('2024-11-01', 2024, 'Final', 4, 'Final', false, 120, 109, UUID('af98cc5a-09d6-4af4-bdd3-8b3cdcc23060'), UUID('f3ac2c16-1523-4746-a15d-6de71b90b779')),

('2024-11-01', 2024, 'Final', 4, 'Final', false, 125, 118, UUID('2f5fa9e8-4474-4629-b2d1-d17e50326d37'), UUID('2a37bb15-9404-4d3e-921d-930e03c5ad9c')),

('2024-11-01', 2024, 'Final', 4, 'Final', false, 119, 116, UUID('89f235d4-2d67-4d69-925e-b104ac20e8d6'), UUID('0f582856-03dc-46d7-a329-02c9829fd3e0')),

('2024-11-01', 2024, 'Final', 4, 'Final', false, 114, 137, UUID('76b5fcb5-8361-49f3-b9b7-d11290c97922'), UUID('e5a54e96-6d75-46e6-b662-e3b6ef8d1778')),

('2024-11-01', 2024, 'Final', 4, 'Final', false, 120, 112, UUID('79364d9c-0481-42b3-8570-1264fc04b737'), UUID('5bc405c8-d25b-4b37-b0f5-35e57ebf64fd')),

('2024-11-01', 2024, 'Final', 4, 'Final', false, 125, 131, UUID('b3c526f6-b2fb-49b7-9ac1-3d486e3e8dc8'), UUID('99bc7e2c-38fd-4eb8-987f-33c1b453dbf2')),

('2024-10-31', 2024, 'Final', 4, 'Final', false, 122, 99, UUID('3435c1a7-157f-488e-881d-3f4d65c7398e'), UUID('59f45da4-31a6-44c7-ae84-3c7e7a1ea177')),

('2024-10-31', 2024, 'Final', 4, 'Final', false, 102, 108, UUID('a0a384d6-eabe-4b13-8fd0-d0d214e1f17b'), UUID('7e9ef8b7-b7da-4084-aaf7-e73aa3ec7854')),

('2024-10-31', 2024, 'Final', 4, 'Final', false, 119, 125, UUID('4dd8f144-2cc0-4916-9cb1-44adf9a0481c'), UUID('d9e15f58-1dd2-40aa-8400-dc7cd22ecf1e')),

('2024-10-31', 2024, 'Final', 4, 'Final', false, 88, 106, UUID('9f9875b4-8326-40b3-802c-e8bd127ad1d7'), UUID('a7e05367-3649-48ea-b6be-87efea59f1d5')),

('2024-10-30', 2024, 'Final', 4, 'Final', false, 138, 133, UUID('9c3ae678-92cf-4c89-8cf5-e3e292eb0f62'), UUID('b3c526f6-b2fb-49b7-9ac1-3d486e3e8dc8')),

('2024-10-30', 2024, 'Final', 4, 'Final', false, 134, 110, UUID('af98cc5a-09d6-4af4-bdd3-8b3cdcc23060'), UUID('99bc7e2c-38fd-4eb8-987f-33c1b453dbf2')),

('2024-10-30', 2024, 'Final', 5, 'Final', false, 135, 132, UUID('2a37bb15-9404-4d3e-921d-930e03c5ad9c'), UUID('e5f8cf4e-3b8e-4a8d-b87b-0a979abc72ea')),

('2024-10-30', 2024, 'Final', 4, 'Final', false, 95, 105, UUID('a5fb4f5b-d302-4094-8a5b-d6fc7eaf83f6'), UUID('2038b508-869b-4568-8bde-b9dece3383a5')),

('2024-10-30', 2024, 'Final', 4, 'Final', false, 133, 120, UUID('ef3742fc-79e5-4040-b3fd-9a27f55ed90b'), UUID('6df04b45-17f3-4933-8dc4-b8c1dfb7de35')),

('2024-10-30', 2024, 'Final', 4, 'Final', false, 107, 116, UUID('a6b23d5e-3f64-49f8-803c-cd7ad4e1c4c4'), UUID('ad681fed-295d-4f29-81bb-9f30bd36f9d5')),

('2024-10-30', 2024, 'Final', 4, 'Final', false, 102, 99, UUID('5bc405c8-d25b-4b37-b0f5-35e57ebf64fd'), UUID('f3ac2c16-1523-4746-a15d-6de71b90b779')),

('2024-10-30', 2024, 'Final', 4, 'Final', false, 106, 119, UUID('3435c1a7-157f-488e-881d-3f4d65c7398e'), UUID('79364d9c-0481-42b3-8570-1264fc04b737')),

('2024-10-30', 2024, 'Final', 4, 'Final', false, 105, 93, UUID('e5a54e96-6d75-46e6-b662-e3b6ef8d1778'), UUID('a7e05367-3649-48ea-b6be-87efea59f1d5')),

('2024-10-30', 2024, 'Final', 4, 'Final', false, 104, 89, UUID('f0e3b5b7-18f0-4e1b-a891-e72d4ccbe501'), UUID('2f5fa9e8-4474-4629-b2d1-d17e50326d37')),
('2024-10-30', 2024, 'Final', 4, 'Final', false, 105, 106, UUID('4dd8f144-2cc0-4916-9cb1-44adf9a0481c'), UUID('76b5fcb5-8361-49f3-b9b7-d11290c97922')),
('2024-10-29', 2024, 'Final', 4, 'Final', false, 114, 120, UUID('89f235d4-2d67-4d69-925e-b104ac20e8d6'), UUID('a0a384d6-eabe-4b13-8fd0-d0d214e1f17b')),
('2024-10-29', 2024, 'Final', 4, 'Final', false, 96, 113, UUID('9f9875b4-8326-40b3-802c-e8bd127ad1d7'), UUID('fc87c64d-99c5-4e2e-b680-c86d43102c04')),
('2024-10-29', 2024, 'Final', 4, 'Final', false, 124, 106, UUID('f0e3b5b7-18f0-4e1b-a891-e72d4ccbe501'), UUID('2f5fa9e8-4474-4629-b2d1-d17e50326d37')),
('2024-10-29', 2024, 'Final', 5, 'Final', false, 139, 144, UUID('79364d9c-0481-42b3-8570-1264fc04b737'), UUID('0f582856-03dc-46d7-a329-02c9829fd3e0')),
('2024-10-28', 2024, 'Final', 4, 'Final', false, 119, 115, UUID('f3ac2c16-1523-4746-a15d-6de71b90b779'), UUID('2a37bb15-9404-4d3e-921d-930e03c5ad9c')),
('2024-10-28', 2024, 'Final', 4, 'Final', false, 119, 121, UUID('6df04b45-17f3-4933-8dc4-b8c1dfb7de35'), UUID('ef3742fc-79e5-4040-b3fd-9a27f55ed90b')),
('2024-10-28', 2024, 'Final', 4, 'Final', false, 119, 108, UUID('e5f8cf4e-3b8e-4a8d-b87b-0a979abc72ea'), UUID('59f45da4-31a6-44c7-ae84-3c7e7a1ea177')),
('2024-10-28', 2024, 'Final', 4, 'Final', false, 106, 98, UUID('a6b23d5e-3f64-49f8-803c-cd7ad4e1c4c4'), UUID('2038b508-869b-4568-8bde-b9dece3383a5')),
('2024-10-28', 2024, 'Final', 5, 'Final', false, 125, 127, UUID('b3c526f6-b2fb-49b7-9ac1-3d486e3e8dc8'), UUID('0f582856-03dc-46d7-a329-02c9829fd3e0')),

('2024-10-28', 2024, 'Final', 4, 'Final', false, 104, 110, UUID('ad681fed-295d-4f29-81bb-9f30bd36f9d5'), UUID('af98cc5a-09d6-4af4-bdd3-8b3cdcc23060')),

('2024-10-28', 2024, 'Final', 4, 'Final', false, 123, 126, UUID('3435c1a7-157f-488e-881d-3f4d65c7398e'), UUID('5bc405c8-d25b-4b37-b0f5-35e57ebf64fd')),

('2024-10-28', 2024, 'Final', 4, 'Final', false, 101, 106, UUID('a7e05367-3649-48ea-b6be-87efea59f1d5'), UUID('7e9ef8b7-b7da-4084-aaf7-e73aa3ec7854')),

('2024-10-28', 2024, 'Final', 4, 'Final', false, 110, 102, UUID('a0a384d6-eabe-4b13-8fd0-d0d214e1f17b'), UUID('9f9875b4-8326-40b3-802c-e8bd127ad1d7')),

('2024-10-28', 2024, 'Final', 4, 'Final', false, 109, 105, UUID('d9e15f58-1dd2-40aa-8400-dc7cd22ecf1e'), UUID('99bc7e2c-38fd-4eb8-987f-33c1b453dbf2')),

('2024-10-28', 2024, 'Final', 4, 'Final', false, 111, 98, UUID('fc87c64d-99c5-4e2e-b680-c86d43102c04'), UUID('76b5fcb5-8361-49f3-b9b7-d11290c97922')),

('2024-10-27', 2024, 'Final', 5, 'Final', false, 114, 118, UUID('2a37bb15-9404-4d3e-921d-930e03c5ad9c'), UUID('a5fb4f5b-d302-4094-8a5b-d6fc7eaf83f6')),

('2024-10-27', 2024, 'Final', 4, 'Final', false, 115, 102, UUID('79364d9c-0481-42b3-8570-1264fc04b737'), UUID('59f45da4-31a6-44c7-ae84-3c7e7a1ea177')),

('2024-10-27', 2024, 'Final', 4, 'Final', false, 125, 103, UUID('76b5fcb5-8361-49f3-b9b7-d11290c97922'), UUID('2f5fa9e8-4474-4629-b2d1-d17e50326d37')),

('2024-10-27', 2024, 'Final', 4, 'Final', false, 128, 104, UUID('e5a54e96-6d75-46e6-b662-e3b6ef8d1778'), UUID('6df04b45-17f3-4933-8dc4-b8c1dfb7de35')),
('2024-10-27', 2024, 'Final', 4, 'Final', false, 104, 112, UUID('f0e3b5b7-18f0-4e1b-a891-e72d4ccbe501'), UUID('4dd8f144-2cc0-4916-9cb1-44adf9a0481c')),
('2024-10-26', 2024, 'Final', 4, 'Final', false, 104, 109, UUID('0f582856-03dc-46d7-a329-02c9829fd3e0'), UUID('4dd8f144-2cc0-4916-9cb1-44adf9a0481c')),
('2024-10-26', 2024, 'Final', 4, 'Final', false, 106, 114, UUID('9c3ae678-92cf-4c89-8cf5-e3e292eb0f62'), UUID('a6b23d5e-3f64-49f8-803c-cd7ad4e1c4c4')),
('2024-10-26', 2024, 'Final', 4, 'Final', false, 118, 124, UUID('2038b508-869b-4568-8bde-b9dece3383a5'), UUID('e5f8cf4e-3b8e-4a8d-b87b-0a979abc72ea')),
('2024-10-26', 2024, 'Final', 4, 'Final', false, 116, 135, UUID('ef3742fc-79e5-4040-b3fd-9a27f55ed90b'), UUID('af98cc5a-09d6-4af4-bdd3-8b3cdcc23060')),
('2024-10-26', 2024, 'Final', 4, 'Final', false, 95, 114, UUID('5bc405c8-d25b-4b37-b0f5-35e57ebf64fd'), UUID('e5a54e96-6d75-46e6-b662-e3b6ef8d1778')),
('2024-10-26', 2024, 'Final', 4, 'Final', false, 112, 101, UUID('89f235d4-2d67-4d69-925e-b104ac20e8d6'), UUID('b3c526f6-b2fb-49b7-9ac1-3d486e3e8dc8')),
('2024-10-26', 2024, 'Final', 4, 'Final', false, 131, 127, UUID('99bc7e2c-38fd-4eb8-987f-33c1b453dbf2'), UUID('fc87c64d-99c5-4e2e-b680-c86d43102c04')),
('2024-10-26', 2024, 'Final', 4, 'Final', false, 109, 106, UUID('a7e05367-3649-48ea-b6be-87efea59f1d5'), UUID('7e9ef8b7-b7da-4084-aaf7-e73aa3ec7854')),
('2024-10-26', 2024, 'Final', 4, 'Final', false, 114, 102, UUID('d9e15f58-1dd2-40aa-8400-dc7cd22ecf1e'), UUID('a0a384d6-eabe-4b13-8fd0-d0d214e1f17b')),
('2024-10-26', 2024, 'Final', 4, 'Final', FALSE, 124, 111, UUID('3435c1a7-157f-488e-881d-3f4d65c7398e'), UUID('f3ac2c16-1523-4746-a15d-6de71b90b779')),

('2024-10-25', 2024, 'Final', 4, 'Final', FALSE, 116, 101, UUID('f3ac2c16-1523-4746-a15d-6de71b90b779'), UUID('79364d9c-0481-42b3-8570-1264fc04b737')),

('2024-10-25', 2024, 'Final', 4, 'Final', FALSE, 115, 107, UUID('b3c526f6-b2fb-49b7-9ac1-3d486e3e8dc8'), UUID('a5fb4f5b-d302-4094-8a5b-d6fc7eaf83f6')),

('2024-10-25', 2024, 'Final', 4, 'Final', FALSE, 125, 120, UUID('6df04b45-17f3-4933-8dc4-b8c1dfb7de35'), UUID('9c3ae678-92cf-4c89-8cf5-e3e292eb0f62')),

('2024-10-25', 2024, 'Final', 4, 'Final', FALSE, 113, 101, UUID('af98cc5a-09d6-4af4-bdd3-8b3cdcc23060'), UUID('2038b508-869b-4568-8bde-b9dece3383a5')),

('2024-10-25', 2024, 'Final', 4, 'Final', FALSE, 123, 98, UUID('ad681fed-295d-4f29-81bb-9f30bd36f9d5'), UUID('2a37bb15-9404-4d3e-921d-930e03c5ad9c')),

('2024-10-25', 2024, 'Final', 4, 'Final', FALSE, 128, 108, UUID('7e9ef8b7-b7da-4084-aaf7-e73aa3ec7854'), UUID('3435c1a7-157f-488e-881d-3f4d65c7398e')),

('2024-10-25', 2024, 'Final', 4, 'Final', FALSE, 122, 133, UUID('59f45da4-31a6-44c7-ae84-3c7e7a1ea177'), UUID('5bc405c8-d25b-4b37-b0f5-35e57ebf64fd')),

('2024-10-25', 2024, 'Final', 4, 'Final', FALSE, 86, 127, UUID('9f9875b4-8326-40b3-802c-e8bd127ad1d7'), UUID('f0e3b5b7-18f0-4e1b-a891-e72d4ccbe501')),

('2024-10-25', 2024, 'Final', 4, 'Final', FALSE, 123, 116, UUID('99bc7e2c-38fd-4eb8-987f-33c1b453dbf2'), UUID('d9e15f58-1dd2-40aa-8400-dc7cd22ecf1e')),

('2024-10-25', 2024, 'Final', 4, 'Final', FALSE, 103, 105, UUID('76b5fcb5-8361-49f3-b9b7-d11290c97922'), UUID('2f5fa9e8-4474-4629-b2d1-d17e50326d37')),

('2024-10-24', 2024, 'Final', 4, 'Final', FALSE, 102, 122, UUID('ef3742fc-79e5-4040-b3fd-9a27f55ed90b'), UUID('e5f8cf4e-3b8e-4a8d-b87b-0a979abc72ea')),

('2024-10-24', 2024, 'Final', 4, 'Final', FALSE, 120, 109, UUID('a0a384d6-eabe-4b13-8fd0-d0d214e1f17b'), UUID('a7e05367-3649-48ea-b6be-87efea59f1d5')),

('2024-10-24', 2024, 'Final', 4, 'Final', false, 87, 102, UUID('0f582856-03dc-46d7-a329-02c9829fd3e0'), UUID('e5a54e96-6d75-46e6-b662-e3b6ef8d1778')),
('2024-10-24', 2024, 'Final', 4, 'Final', false, 115, 117, UUID('fc87c64d-99c5-4e2e-b680-c86d43102c04'), UUID('89f235d4-2d67-4d69-925e-b104ac20e8d6')),
('2024-10-23', 2024, 'Final', 4, 'Final', false, 109, 115, UUID('2038b508-869b-4568-8bde-b9dece3383a5'), UUID('2a37bb15-9404-4d3e-921d-930e03c5ad9c')),
('2024-10-23', 2024, 'Final', 4, 'Final', false, 120, 116, UUID('6df04b45-17f3-4933-8dc4-b8c1dfb7de35'), UUID('79364d9c-0481-42b3-8570-1264fc04b737')),
('2024-10-23', 2024, 'Final', 4, 'Final', false, 97, 116, UUID('a6b23d5e-3f64-49f8-803c-cd7ad4e1c4c4'), UUID('f3ac2c16-1523-4746-a15d-6de71b90b779')),
('2024-10-23', 2024, 'Final', 4, 'Final', false, 109, 124, UUID('a5fb4f5b-d302-4094-8a5b-d6fc7eaf83f6'), UUID('59f45da4-31a6-44c7-ae84-3c7e7a1ea177')),
('2024-10-23', 2024, 'Final', 4, 'Final', false, 106, 136, UUID('b3c526f6-b2fb-49b7-9ac1-3d486e3e8dc8'), UUID('af98cc5a-09d6-4af4-bdd3-8b3cdcc23060')),
('2024-10-23', 2024, 'Final', 4, 'Final', false, 105, 110, UUID('7e9ef8b7-b7da-4084-aaf7-e73aa3ec7854'), UUID('9c3ae678-92cf-4c89-8cf5-e3e292eb0f62')),
('2024-10-23', 2024, 'Final', 4, 'Final', false, 123, 111, UUID('2f5fa9e8-4474-4629-b2d1-d17e50326d37'), UUID('5bc405c8-d25b-4b37-b0f5-35e57ebf64fd')),
('2024-10-23', 2024, 'Final', 4, 'Final', false, 124, 126, UUID('9f9875b4-8326-40b3-802c-e8bd127ad1d7'), UUID('3435c1a7-157f-488e-881d-3f4d65c7398e')),
('2024-10-23', 2024, 'Final', 5, 'Final', false, 113, 116, UUID('4dd8f144-2cc0-4916-9cb1-44adf9a0481c'), UUID('d9e15f58-1dd2-40aa-8400-dc7cd22ecf1e')),
('2024-10-23', 2024, 'Final', 4, 'Final', false, 104, 139, UUID('76b5fcb5-8361-49f3-b9b7-d11290c97922'), UUID('f0e3b5b7-18f0-4e1b-a891-e72d4ccbe501')),
('2024-10-22', 2024, 'Final', 4, 'Final', false, 132, 109, UUID('e5f8cf4e-3b8e-4a8d-b87b-0a979abc72ea'), UUID('ad681fed-295d-4f29-81bb-9f30bd36f9d5')),
('2024-10-22', 2024, 'Final', 4, 'Final', false, 110, 103, UUID('99bc7e2c-38fd-4eb8-987f-33c1b453dbf2'), UUID('89f235d4-2d67-4d69-925e-b104ac20e8d6'));